Ligand,Conformations_LR_Codes,LR_Code_List,Unique_Ligases,Ligase_List,Unique_PDBs,PDB_List,Unique_SMILES,Unique_Scaffolds,Scaffold_List
1,308,"LR00001, LR00002, LR00003, LR00004, LR00005, LR00015, LR00025, LR00031, LR00038, LR00041, LR00043, LR00047, ... (+296 more)",18,"CHIP, CRBN, Cbl-b, DCAF1, DCAF15, DCAF16, GID4, HOIP(RNF31), KEAP1, LIVIN, MDM2, MDMX, ... (+6 more)",0,,302,302,"LR-SCAF00001, LR-SCAF00002, LR-SCAF00003, LR-SCAF00004, LR-SCAF00005, LR-SCAF00006, LR-SCAF00007, LR-SCAF00008, LR-SCAF00009, LR-SCAF00010, LR-SCAF00011, LR-SCAF00012, ... (+290 more)"
MDM2,116,"LR00258, LR00259, LR00260, LR00261, LR00262, LR00263, LR00264, LR00265, LR00266, LR00267, LR00268, LR00269, ... (+104 more)",1,MDM2,0,,74,74,"LR-SCAF00004, LR-SCAF00009, LR-SCAF00018, LR-SCAF00019, LR-SCAF00021, LR-SCAF00024, LR-SCAF00028, LR-SCAF00031, LR-SCAF00040, LR-SCAF00048, LR-SCAF00058, LR-SCAF00062, ... (+62 more)"
CRBN,108,"LR00006, LR00007, LR00008, LR00009, LR00010, LR00011, LR00012, LR00013, LR00014, LR00015, LR00016, LR00017, ... (+96 more)",1,CRBN,0,,44,44,"LR-SCAF00020, LR-SCAF00022, LR-SCAF00027, LR-SCAF00034, LR-SCAF00060, LR-SCAF00070, LR-SCAF00082, LR-SCAF00093, LR-SCAF00116, LR-SCAF00117, LR-SCAF00132, LR-SCAF00137, ... (+32 more)"
TRIM21,106,"LR00387, LR00388, LR00389, LR00390, LR00391, LR00392, LR00393, LR00394, LR00395, LR00396, LR00397, LR00398, ... (+94 more)",1,TRIM21,0,,78,78,"LR-SCAF00001, LR-SCAF00008, LR-SCAF00010, LR-SCAF00029, LR-SCAF00035, LR-SCAF00038, LR-SCAF00044, LR-SCAF00050, LR-SCAF00064, LR-SCAF00066, LR-SCAF00068, LR-SCAF00071, ... (+66 more)"
2,96,"LR00021, LR00030, LR00039, LR00046, LR00051, LR00052, LR00053, LR00054, LR00061, LR00082, LR00083, LR00094, ... (+84 more)",9,"CRBN, DCAF1, HUWE1, KEAP1, MDM2, RNF146, TRIM21, VHL, XIAP",0,,47,47,"LR-SCAF00015, LR-SCAF00017, LR-SCAF00023, LR-SCAF00025, LR-SCAF00028, LR-SCAF00040, LR-SCAF00069, LR-SCAF00081, LR-SCAF00082, LR-SCAF00088, LR-SCAF00091, LR-SCAF00093, ... (+35 more)"
KEAP1,92,"LR00158, LR00159, LR00160, LR00161, LR00162, LR00163, LR00164, LR00165, LR00166, LR00167, LR00168, LR00169, ... (+80 more)",1,KEAP1,0,,71,71,"LR-SCAF00002, LR-SCAF00012, LR-SCAF00015, LR-SCAF00017, LR-SCAF00023, LR-SCAF00030, LR-SCAF00036, LR-SCAF00042, LR-SCAF00046, LR-SCAF00049, LR-SCAF00052, LR-SCAF00055, ... (+59 more)"
VHL,59,"LR00495, LR00496, LR00497, LR00498, LR00499, LR00500, LR00501, LR00502, LR00503, LR00504, LR00505, LR00506, ... (+47 more)",1,VHL,2,"8QCU, 9GHX",52,34,"LR-SCAF00014, LR-SCAF00020, LR-SCAF00033, LR-SCAF00035, LR-SCAF00039, LR-SCAF00041, LR-SCAF00051, LR-SCAF00054, LR-SCAF00057, LR-SCAF00061, LR-SCAF00063, LR-SCAF00074, ... (+22 more)"
39,39,"LR00006, LR00007, LR00008, LR00009, LR00010, LR00011, LR00012, LR00013, LR00014, LR00016, LR00017, LR00018, ... (+27 more)",1,CRBN,0,,1,1,LR-SCAF00372
XIAP,37,"LR00554, LR00555, LR00556, LR00557, LR00558, LR00559, LR00560, LR00561, LR00562, LR00563, LR00564, LR00565, ... (+25 more)",1,XIAP,0,,27,27,"LR-SCAF00003, LR-SCAF00013, LR-SCAF00016, LR-SCAF00026, LR-SCAF00037, LR-SCAF00043, LR-SCAF00047, LR-SCAF00053, LR-SCAF00067, LR-SCAF00096, LR-SCAF00100, LR-SCAF00111, ... (+15 more)"
3,30,"LR00212, LR00213, LR00214, LR00231, LR00232, LR00233, LR00258, LR00259, LR00289, LR00290, LR00291, LR00367, ... (+18 more)",7,"KEAP1, MDM2, MDMX, TRIM21, VHL, XIAP, cIAP1",0,,9,9,"LR-SCAF00051, LR-SCAF00056, LR-SCAF00067, LR-SCAF00166, LR-SCAF00179, LR-SCAF00187, LR-SCAF00231, LR-SCAF00295, LR-SCAF00345"
4,28,"LR00022, LR00048, LR00059, LR00085, LR00161, LR00166, LR00167, LR00189, LR00278, LR00279, LR00280, LR00301, ... (+16 more)",5,"CRBN, KEAP1, MDM2, TRIM21, XIAP",0,,7,7,"LR-SCAF00053, LR-SCAF00080, LR-SCAF00124, LR-SCAF00220, LR-SCAF00254, LR-SCAF00296, LR-SCAF00318"
DCAF1,25,"LR00117, LR00118, LR00119, LR00120, LR00121, LR00122, LR00123, LR00124, LR00125, LR00126, LR00127, LR00128, ... (+13 more)",1,DCAF1,0,,17,17,"LR-SCAF00011, LR-SCAF00025, LR-SCAF00098, LR-SCAF00108, LR-SCAF00121, LR-SCAF00145, LR-SCAF00173, LR-SCAF00209, LR-SCAF00225, LR-SCAF00244, LR-SCAF00250, LR-SCAF00256, ... (+5 more)"
6,24,"LR00055, LR00056, LR00057, LR00058, LR00077, LR00080, LR00142, LR00143, LR00145, LR00146, LR00147, LR00148, ... (+12 more)",4,"CRBN, DCAF15, SOCS2, TRIM21",0,,4,4,"LR-SCAF00183, LR-SCAF00215, LR-SCAF00219, LR-SCAF00232"
EF2,20,"LR00006, LR00010, LR00012, LR00016, LR00017, LR00018, LR00019, LR00023, LR00024, LR00029, LR00032, LR00033, ... (+8 more)",1,CRBN,20,"4CI1, 4TZC, 4V2Y, 4V32, 5AMH, 5AMI, 5AMJ, 5YIZ, 5YJ0, 6R0U, 6R12, 6R13, ... (+8 more)",20,0,
5,20,"LR00072, LR00073, LR00074, LR00075, LR00076, LR00120, LR00121, LR00122, LR00123, LR00124, LR00174, LR00175, ... (+8 more)",4,"CRBN, DCAF1, KEAP1, MDM2",0,,4,4,"LR-SCAF00022, LR-SCAF00098, LR-SCAF00131, LR-SCAF00333"
7,14,"LR00028, LR00066, LR00067, LR00068, LR00069, LR00070, LR00071, LR00300, LR00312, LR00333, LR00337, LR00350, ... (+2 more)",2,"CRBN, MDM2",0,,2,2,"LR-SCAF00031, LR-SCAF00150"
NUT,13,"LR00281, LR00282, LR00320, LR00335, LR00336, LR00359, LR00360, LR00361, LR00370, LR00371, LR00375, LR00376, ... (+1 more)",2,"MDM2, MDMX",10,"4HG7, 4J3E, 5C5A, 5Z02, 5ZXF, 7C3Q, 7C3Y, 7C44, 8HDG, 8IA5",42,0,
13,13,"LR00506, LR00507, LR00508, LR00509, LR00513, LR00515, LR00518, LR00523, LR00524, LR00525, LR00526, LR00527, ... (+1 more)",1,VHL,0,,1,1,LR-SCAF00097
CIAP1,13,"LR00591, LR00592, LR00593, LR00594, LR00595, LR00596, LR00597, LR00598, LR00599, LR00600, LR00601, LR00602, ... (+1 more)",1,cIAP1,0,,11,11,"LR-SCAF00005, LR-SCAF00045, LR-SCAF00053, LR-SCAF00067, LR-SCAF00079, LR-SCAF00100, LR-SCAF00124, LR-SCAF00136, LR-SCAF00140, LR-SCAF00231, LR-SCAF00326"
12,12,"LR00388, LR00414, LR00418, LR00420, LR00430, LR00438, LR00447, LR00448, LR00455, LR00474, LR00478, LR00482",1,TRIM21,0,,1,1,LR-SCAF00231
Y70,11,"LR00008, LR00011, LR00013, LR00026, LR00027, LR00042, LR00060, LR00063, LR00081, LR00086, LR00087",1,CRBN,11,"4CI3, 4TZU, 4V2Z, 6H0F, 6H0G, 6UML, 8D81, 8OIZ, 8TNP, 8U16, 8U17",21,0,
10,10,"LR00281, LR00282, LR00320, LR00335, LR00336, LR00359, LR00360, LR00361, LR00370, LR00371",1,MDM2,0,,1,1,LR-SCAF00075
DCAF15,9,"LR00142, LR00143, LR00144, LR00145, LR00146, LR00147, LR00148, LR00149, LR00150",1,DCAF15,0,,4,4,"LR-SCAF00007, LR-SCAF00174, LR-SCAF00215, LR-SCAF00329"
8,8,"LR00514, LR00516, LR00517, LR00519, LR00520, LR00536, LR00537, LR00552",1,VHL,0,,1,1,LR-SCAF00360
0EH,7,"LR00300, LR00312, LR00333, LR00337, LR00350, LR00351, LR00369",1,MDM2,7,"4N5T, 4UMN, 5XXK, 6AAW, 6V4E, 6V4G, 8GJS",13,0,
LIVIN,7,"LR00251, LR00252, LR00253, LR00254, LR00255, LR00256, LR00257",1,LIVIN,0,,7,7,"LR-SCAF00005, LR-SCAF00192, LR-SCAF00231, LR-SCAF00247, LR-SCAF00281, LR-SCAF00294, LR-SCAF00309"
LVY,6,"LR00007, LR00009, LR00014, LR00020, LR00079, LR00097",1,CRBN,6,"4CI2, 4TZ4, 4V30, 5FQD, 8RQA, 9FJX",20,0,
QFC,6,"LR00055, LR00056, LR00057, LR00058, LR00077, LR00080",1,CRBN,6,"8D7U, 8D7V, 8D7W, 8D7Z, 8RQ8, 8RQC",43,0,
SOCS2,6,"LR00381, LR00382, LR00383, LR00384, LR00385, LR00386",1,SOCS2,0,,1,1,LR-SCAF00232
LQH,5,"LR00120, LR00121, LR00122, LR00123, LR00124",1,DCAF1,2,"8OG5, 8OG6",21,0,
CHIP,5,"LR00001, LR00002, LR00003, LR00004, LR00005",1,CHIP,0,,5,5,"LR-SCAF00032, LR-SCAF00083, LR-SCAF00193, LR-SCAF00252, LR-SCAF00262"
6CW,4,"LR00261, LR00262, LR00263, LR00334",1,MDM2,4,"2AXI, 2GV2, 3FEA, 5XXK",16,0,
8W7,4,"LR00022, LR00048, LR00059, LR00085",1,CRBN,4,"5V3O, 7PS9, 8D80, 8U15",34,0,
MDMX,4,"LR00374, LR00375, LR00376, LR00377",1,MDMX,0,,2,2,"LR-SCAF00166, LR-SCAF00169"
CHG,3,"LR00257, LR00589, LR00594",3,"LIVIN, XIAP, cIAP1",3,"3UW4, 3UW5, 8GH7",11,0,
EF6,3,"LR00145, LR00146, LR00147",1,DCAF15,3,"6Q0W, 6SJ7, 6UD7",25,0,
WW8,3,"LR00267, LR00268, LR00374",2,"MDM2, MDMX",1,3LBJ,46,0,
CBL-B,3,"LR00114, LR00115, LR00116",1,Cbl-b,0,,3,3,"LR-SCAF00286, LR-SCAF00337, LR-SCAF00363"
HOIP(RNF31),3,"LR00153, LR00154, LR00155",1,HOIP(RNF31),0,,3,3,"LR-SCAF00175, LR-SCAF00197, LR-SCAF00272"
0DQ,2,"LR00256, LR00593",2,"LIVIN, cIAP1",2,"3UW4, 3UW5",13,0,
1AQ,2,"LR00563, LR00596",2,"XIAP, cIAP1",2,"4HY0, 4HY5",44,0,
7H9,2,"LR00582, LR00601",2,"XIAP, cIAP1",2,"5M6L, 5M6N",38,0,
SMK,2,"LR00561, LR00591",2,"XIAP, cIAP1",2,"3EYL, 3MUP",39,0,
03M,2,"LR00273, LR00274",1,MDM2,2,"3U15, 3VBG",29,0,
3JF,2,"LR00509, LR00542",1,VHL,2,"4W9H, 8VLB",34,0,
6GG,2,"LR00321, LR00322",1,MDM2,2,"5J7F, 5J7G",48,0,
85C,2,"LR00021, LR00111",1,CRBN,2,"5HXB, 9Q2D",32,0,
9E7,2,"LR00331, LR00332",1,MDM2,2,"5VK0, 5VK1",12,0,
FUU,2,"LR00158, LR00159",1,KEAP1,2,"3VNG, 3VNH",27,0,
HRE,2,"LR00342, LR00347",1,MDM2,2,"6Q96, 6Q9U",40,0,
JH9,2,"LR00385, LR00386",1,SOCS2,2,"7ZLR, 7ZLS",39,0,
LWK,2,"LR00052, LR00061",1,CRBN,2,"7U8F, 8DEY",32,0,
MIQ,2,"LR00082, LR00083",1,CRBN,2,"8TNQ, 8TNR",26,0,
O6M,2,"LR00142, LR00143",1,DCAF15,2,"6PAI, 6Q0R",25,0,
REI,2,"LR00539, LR00548",1,VHL,2,"8QCU, 9GHX",14,0,
RN9,2,"LR00046, LR00096",1,CRBN,2,"7LPS, 9E2U",36,0,
V3L,2,"LR00379, LR00380",1,RNF146,2,"3V3L, 4QPL",37,0,
X22,2,"LR00558, LR00560",1,XIAP,2,"3CLX, 3CM7",37,0,
08A,2,"LR00191, LR00192",1,KEAP1,1,6TYM,37,0,
28W,2,"LR00298, LR00299",1,MDM2,1,4MDQ,36,0,
4ID,2,"LR00162, LR00163",1,KEAP1,1,4IN4,34,0,
A23,2,"LR00451, LR00452",1,TRIM21,1,7HN8,15,0,
A34,2,"LR00400, LR00401",1,TRIM21,1,7HLP,19,0,
I18,2,"LR00283, LR00284",1,MDM2,1,4J74,21,0,
IMZ,2,"LR00258, LR00259",1,MDM2,1,1RV1,42,0,
J6N,2,"LR00184, LR00185",1,KEAP1,1,6QMD,23,0,
K1G,2,"LR00403, LR00404",1,TRIM21,1,7HLT,16,0,
RZJ,2,"LR00424, LR00425",1,TRIM21,1,7HMF,16,0,
S0V,2,"LR00405, LR00406",1,TRIM21,1,7HLU,14,0,
VM3,2,"LR00128, LR00129",1,DCAF1,1,8OG9,24,0,
VM8,2,"LR00126, LR00127",1,DCAF1,1,8OG8,24,0,
VMZ,2,"LR00132, LR00133",1,DCAF1,1,8OGC,36,0,
VUF,2,"LR00134, LR00135",1,DCAF1,1,8OO5,37,0,
HUWE1,2,"LR00156, LR00157",1,HUWE1,0,,1,1,LR-SCAF00319
RNF146,2,"LR00379, LR00380",1,RNF146,0,,1,1,LR-SCAF00348
TRIM24,2,"LR00493, LR00494",1,TRIM24,0,,2,2,"LR-SCAF00113, LR-SCAF00195"
07G,1,LR00272,1,MDM2,1,3TU1,34,0,
0PL,1,LR00176,1,KEAP1,1,5FNT,35,0,
0R2,1,LR00278,1,MDM2,1,4ERE,36,0,
0R3,1,LR00279,1,MDM2,1,4ERF,33,0,
0Y7,1,LR00280,1,MDM2,1,4HBM,31,0,
12O,1,LR00161,1,KEAP1,1,4IFN,34,0,
1BG,1,LR00595,1,cIAP1,1,4HY4,39,0,
1GI,1,LR00362,1,MDM2,1,7NA1,36,0,
1I0,1,LR00363,1,MDM2,1,7NA2,40,0,
1I3,1,LR00364,1,MDM2,1,7NA3,37,0,
1I9,1,LR00365,1,MDM2,1,7NA4,39,0,
1MN,1,LR00289,1,MDM2,1,4JV7,30,0,
1MO,1,LR00290,1,MDM2,1,4JV9,30,0,
1MQ,1,LR00291,1,MDM2,1,4JVE,37,0,
1MT,1,LR00292,1,MDM2,1,4JVR,35,0,
1MY,1,LR00293,1,MDM2,1,4JWR,31,0,
1OY,1,LR00288,1,MDM2,1,4JSC,38,0,
1RH,1,LR00564,1,XIAP,1,4KJU,42,0,
1RK,1,LR00565,1,XIAP,1,4KJV,41,0,
1VW,1,LR00165,1,KEAP1,1,4L7C,36,0,
1VX,1,LR00166,1,KEAP1,1,4L7D,34,0,
1Y0,1,LR00597,1,cIAP1,1,4LGE,40,0,
1YH,1,LR00598,1,cIAP1,1,4LGU,39,0,
20Q,1,LR00294,1,MDM2,1,4LWT,29,0,
20U,1,LR00295,1,MDM2,1,4LWU,41,0,
20W,1,LR00296,1,MDM2,1,4LWV,42,0,
2DX,1,LR00599,1,cIAP1,1,4MTI,40,0,
2DY,1,LR00600,1,cIAP1,1,4MU7,44,0,
2FS,1,LR00167,1,KEAP1,1,4N1B,33,0,
2SW,1,LR00301,1,MDM2,1,4OAS,38,0,
2TW,1,LR00302,1,MDM2,1,4OBA,38,0,
2TZ,1,LR00303,1,MDM2,1,4OCC,37,0,
2U0,1,LR00304,1,MDM2,1,4ODE,46,0,
2U1,1,LR00305,1,MDM2,1,4ODF,45,0,
2U5,1,LR00306,1,MDM2,1,4OGN,45,0,
2U6,1,LR00307,1,MDM2,1,4OGT,45,0,
2U7,1,LR00308,1,MDM2,1,4OGV,37,0,
2V8,1,LR00309,1,MDM2,1,4OQ3,31,0,
35S,1,LR00310,1,MDM2,1,4QO4,39,0,
35T,1,LR00311,1,MDM2,1,4QOC,40,0,
3JG,1,LR00504,1,VHL,1,4W9C,29,0,
3JH,1,LR00511,1,VHL,1,4W9J,42,0,
3JJ,1,LR00513,1,VHL,1,4W9L,42,0,
3JK,1,LR00505,1,VHL,1,4W9D,30,0,
3JO,1,LR00512,1,VHL,1,4W9K,45,0,
3JS,1,LR00510,1,VHL,1,4W9I,34,0,
3JT,1,LR00506,1,VHL,1,4W9E,29,0,
3JU,1,LR00507,1,VHL,1,4W9F,30,0,
3JV,1,LR00508,1,VHL,1,4W9G,30,0,
3V8,1,LR00567,1,XIAP,1,4WVU,17,0,
419,1,LR00252,1,LIVIN,1,3F7H,39,0,
41P,1,LR00168,1,KEAP1,1,4XMB,43,0,
4C1,1,LR00494,1,TRIM24,1,4YC9,46,0,
4CN,1,LR00493,1,TRIM24,1,4YAB,18,0,
4LZ,1,LR00566,1,XIAP,1,4WVS,19,0,
4NJ,1,LR00313,1,MDM2,1,4ZFI,35,0,
4NX,1,LR00314,1,MDM2,1,4ZGK,34,0,
4SS,1,LR00315,1,MDM2,1,4ZYC,39,0,
4T4,1,LR00316,1,MDM2,1,4ZYF,48,0,
4TH,1,LR00317,1,MDM2,1,4ZYI,41,0,
4WJ,1,LR00570,1,XIAP,1,5C0L,13,0,
4WK,1,LR00569,1,XIAP,1,5C0K,14,0,
4XE,1,LR00571,1,XIAP,1,5C3H,16,0,
4XF,1,LR00572,1,XIAP,1,5C3K,14,0,
4YC,1,LR00575,1,XIAP,1,5C7C,23,0,
4YD,1,LR00574,1,XIAP,1,5C7B,16,0,
4YE,1,LR00573,1,XIAP,1,5C7A,20,0,
4YF,1,LR00576,1,XIAP,1,5C7D,21,0,
4YL,1,LR00578,1,XIAP,1,5C84,26,0,
4YN,1,LR00577,1,XIAP,1,5C83,32,0,
4YY,1,LR00517,1,VHL,1,5NVX,37,0,
516,1,LR00254,1,LIVIN,1,3GT9,37,0,
51M,1,LR00170,1,KEAP1,1,5CGJ,33,0,
51X,1,LR00156,1,HUWE1,1,8RD0,16,0,
58E,1,LR00172,1,KEAP1,1,5DAF,26,0,
5QZ,1,LR00218,1,KEAP1,1,7P5F,29,0,
5RB,1,LR00222,1,KEAP1,1,7P5P,41,0,
5RQ,1,LR00221,1,KEAP1,1,7P5N,35,0,
5UI,1,LR00216,1,KEAP1,1,7P58,29,0,
5UZ,1,LR00220,1,KEAP1,1,7P5K,36,0,
5VX,1,LR00217,1,KEAP1,1,7P5E,30,0,
5X9,1,LR00219,1,KEAP1,1,7P5I,35,0,
618,1,LR00251,1,LIVIN,1,2I3I,36,0,
6EL,1,LR00025,1,CRBN,1,5YJ1,20,0,
6SJ,1,LR00324,1,MDM2,1,5LAW,34,0,
6SK,1,LR00323,1,MDM2,1,5LAV,29,0,
6SS,1,LR00325,1,MDM2,1,5LAY,36,0,
6ST,1,LR00326,1,MDM2,1,5LAZ,40,0,
6Z3,1,LR00514,1,VHL,1,5LLI,38,0,
6ZT,1,LR00327,1,MDM2,1,5LN2,42,0,
75K,1,LR00178,1,KEAP1,1,5FZJ,13,0,
7H8,1,LR00583,1,XIAP,1,5M6M,36,0,
7HC,1,LR00330,1,MDM2,1,5TRF,39,0,
7HT,1,LR00579,1,XIAP,1,5M6E,36,0,
7HU,1,LR00580,1,XIAP,1,5M6F,32,0,
7J6,1,LR00581,1,XIAP,1,5M6H,37,0,
7PE,1,LR00588,1,XIAP,1,8GH7,20,0,
7SE,1,LR00047,1,CRBN,1,7PJK,18,0,
835,1,LR00049,1,CRBN,1,7PSO,22,0,
851,1,LR00255,1,LIVIN,1,3GTA,37,0,
8ZL,1,LR00224,1,KEAP1,1,7Q6Q,40,0,
91M,1,LR00225,1,KEAP1,1,7Q6S,44,0,
92I,1,LR00223,1,KEAP1,1,7Q5H,36,0,
997,1,LR00555,1,XIAP,1,1TFT,40,0,
998,1,LR00554,1,XIAP,1,1TFQ,33,0,
9B5,1,LR00518,1,VHL,1,5NVY,31,0,
9B8,1,LR00522,1,VHL,1,5NW2,37,0,
9BH,1,LR00521,1,VHL,1,5NW1,37,0,
9BK,1,LR00520,1,VHL,1,5NW0,40,0,
9BN,1,LR00519,1,VHL,1,5NVZ,39,0,
9BT,1,LR00515,1,VHL,1,5NVV,35,0,
9BW,1,LR00516,1,VHL,1,5NVW,36,0,
9FT,1,LR00051,1,CRBN,1,7SHH,17,0,
9IB,1,LR00226,1,KEAP1,1,7Q8R,44,0,
9JZ,1,LR00562,1,XIAP,1,3HL5,38,0,
9P0,1,LR00227,1,KEAP1,1,7Q96,44,0,
9QU,1,LR00152,1,GID4,1,7SLZ,31,0,
9QW,1,LR00329,1,MDM2,1,5OC8,39,0,
A01,1,LR00446,1,TRIM21,1,7HN3,13,0,
A02,1,LR00399,1,TRIM21,1,7HLO,13,0,
A03,1,LR00434,1,TRIM21,1,7HMR,14,0,
A04,1,LR00436,1,TRIM21,1,7HMT,14,0,
A06,1,LR00387,1,TRIM21,1,7HLA,15,0,
A07,1,LR00427,1,TRIM21,1,7HMI,15,0,
A08,1,LR00417,1,TRIM21,1,7HM7,15,0,
A09,1,LR00410,1,TRIM21,1,7HM0,15,0,
A10,1,LR00393,1,TRIM21,1,7HLG,15,0,
A11,1,LR00416,1,TRIM21,1,7HM6,15,0,
A12,1,LR00394,1,TRIM21,1,7HLI,16,0,
A13,1,LR00444,1,TRIM21,1,7HN1,16,0,
A14,1,LR00419,1,TRIM21,1,7HM9,16,0,
A15,1,LR00480,1,TRIM21,1,7HO6,16,0,
A16,1,LR00460,1,TRIM21,1,7HNH,16,0,
A17,1,LR00449,1,TRIM21,1,7HN6,16,0,
A18,1,LR00392,1,TRIM21,1,7HLF,16,0,
A20,1,LR00445,1,TRIM21,1,7HN2,15,0,
A21,1,LR00458,1,TRIM21,1,7HNF,16,0,
A24,1,LR00457,1,TRIM21,1,7HNE,15,0,
A25,1,LR00476,1,TRIM21,1,7HO1,15,0,
A26,1,LR00453,1,TRIM21,1,7HN9,16,0,
A28,1,LR00407,1,TRIM21,1,7HLV,16,0,
A29,1,LR00465,1,TRIM21,1,7HNM,16,0,
A30,1,LR00473,1,TRIM21,1,7HNW,16,0,
A31,1,LR00408,1,TRIM21,1,7HLW,16,0,
A32,1,LR00477,1,TRIM21,1,7HO3,16,0,
A35,1,LR00442,1,TRIM21,1,7HMZ,20,0,
A36,1,LR00094,1,CRBN,1,9DWV,21,0,
A37,1,LR00095,1,CRBN,1,9DWW,21,0,
A38,1,LR00103,1,CRBN,1,9NGT,21,0,
A39,1,LR00102,1,CRBN,1,9NFR,22,0,
A40,1,LR00093,1,CRBN,1,9DQD,26,0,
A41,1,LR00236,1,KEAP1,1,9DU7,25,0,
A42,1,LR00486,1,TRIM21,1,9EK5,30,0,
A43,1,LR00101,1,CRBN,1,9NFQ,42,0,
A4E,1,LR00584,1,XIAP,1,5OQW,40,0,
A51,1,LR00551,1,VHL,1,9OIO,18,0,
A52,1,LR00106,1,CRBN,1,9ODS,26,0,
A53,1,LR00105,1,CRBN,1,9ODR,27,0,
A54,1,LR00110,1,CRBN,1,9Q22,33,0,
A55,1,LR00104,1,CRBN,1,9O91,34,0,
A56,1,LR00107,1,CRBN,1,9OHQ,35,0,
A57,1,LR00108,1,CRBN,1,9OHR,38,0,
A58,1,LR00140,1,DCAF1,1,9PLY,37,0,
A59,1,LR00141,1,DCAF1,1,9Y76,43,0,
A60,1,LR00109,1,CRBN,1,9Q03,52,0,
A61,1,LR00487,1,TRIM21,1,9M3N,32,0,
A65,1,LR00075,1,CRBN,1,8RDS,21,0,
A66,1,LR00072,1,CRBN,1,8RDP,20,0,
A67,1,LR00074,1,CRBN,1,8RDR,22,0,
A68,1,LR00076,1,CRBN,1,8RDT,25,0,
A69,1,LR00238,1,KEAP1,1,9ETY,26,0,
A70,1,LR00237,1,KEAP1,1,9ETX,25,0,
A71,1,LR00149,1,DCAF15,1,8ROX,27,0,
A72,1,LR00150,1,DCAF15,1,8ROY,34,0,
A73,1,LR00239,1,KEAP1,1,9F2P,41,0,
A74,1,LR00240,1,KEAP1,1,9F2Q,43,0,
A75,1,LR00546,1,VHL,1,9F1M,47,0,
A76,1,LR00547,1,VHL,1,9F1N,48,0,
A77,1,LR00544,1,VHL,1,9EQJ,51,0,
A78,1,LR00545,1,VHL,1,9EQM,51,0,
A79,1,LR00078,1,CRBN,1,8RQ9,61,0,
A81,1,LR00099,1,CRBN,1,9GJQ,18,0,
A82,1,LR00098,1,CRBN,1,9GAO,21,0,
A83,1,LR00242,1,KEAP1,1,9HWR,27,0,
A84,1,LR00550,1,VHL,1,9GIO,26,0,
A85,1,LR00243,1,KEAP1,1,9HWS,28,0,
A86,1,LR00100,1,CRBN,1,9H59,31,0,
A87,1,LR00003,1,CHIP,1,9QFS,30,0,
A88,1,LR00004,1,CHIP,1,9QFY,29,0,
A89,1,LR00492,1,TRIM21,1,9QBA,30,0,
A90,1,LR00001,1,CHIP,1,9QEU,35,0,
A91,1,LR00002,1,CHIP,1,9QF1,35,0,
A92,1,LR00245,1,KEAP1,1,9HWU,36,0,
A93,1,LR00246,1,KEAP1,1,9HWV,36,0,
A94,1,LR00247,1,KEAP1,1,9HWW,37,0,
A95,1,LR00490,1,TRIM21,1,9Q9Q,37,0,
A96,1,LR00244,1,KEAP1,1,9HWT,38,0,
A97,1,LR00248,1,KEAP1,1,9HWX,38,0,
A98,1,LR00553,1,VHL,1,9QE5,38,0,
A99,1,LR00552,1,VHL,1,9QE4,38,0,
AU0,1,LR00366,1,MDM2,1,7QDQ,43,0,
B00,1,LR00488,1,TRIM21,1,9Q9O,40,0,
B01,1,LR00489,1,TRIM21,1,9Q9P,40,0,
B02,1,LR00491,1,TRIM21,1,9Q9R,45,0,
B07,1,LR00005,1,CHIP,1,9R1P,39,0,
B08,1,LR00112,1,CRBN,1,9SAF,52,0,
B0A,1,LR00241,1,KEAP1,1,9HWQ,18,0,
B13,1,LR00234,1,KEAP1,1,8XGK,33,0,
B14,1,LR00235,1,KEAP1,1,8XGV,35,0,
B15,1,LR00249,1,KEAP1,1,9UO8,45,0,
B16,1,LR00250,1,KEAP1,1,9VD2,48,0,
B1I,1,LR00117,1,DCAF1,1,7SSE,27,0,
B1J,1,LR00421,1,TRIM21,1,7HMB,15,0,
B21,1,LR00373,1,MDM2,1,9GFK,11,0,
B5K,1,LR00328,1,MDM2,1,5OAI,35,0,
BI6,1,LR00556,1,XIAP,1,2JK7,37,0,
BLF,1,LR00277,1,MDM2,1,4DIJ,41,0,
BMB,1,LR00592,1,cIAP1,1,3OZ1,46,0,
C3K,1,LR00602,1,cIAP1,1,6EXW,35,0,
C3T,1,LR00585,1,XIAP,1,6EY2,36,0,
CO9,1,LR00557,1,XIAP,1,2OPY,33,0,
D00,1,LR00114,1,Cbl-b,1,9FQH,40,0,
D01,1,LR00115,1,Cbl-b,1,9FQI,37,0,
D02,1,LR00116,1,Cbl-b,1,9FQJ,28,0,
D03,1,LR00378,1,Parkin,1,8W31,38,0,
D5U,1,LR00154,1,HOIP(RNF31),1,6KC5,22,0,
D60,1,LR00155,1,HOIP(RNF31),1,6KC6,33,0,
D8N,1,LR00181,1,KEAP1,1,6FFM,16,0,
DIZ,1,LR00260,1,MDM2,1,1T4E,33,0,
DUR,1,LR00015,1,CRBN,1,4V31,17,0,
DV2,1,LR00523,1,VHL,1,6FMI,31,0,
DV5,1,LR00524,1,VHL,1,6FMJ,31,0,
DV8,1,LR00525,1,VHL,1,6FMK,31,0,
E00,1,LR00088,1,CRBN,1,9CUO,20,0,
E01,1,LR00089,1,CRBN,1,9D0X,64,0,
E02,1,LR00090,1,CRBN,1,9DJT,30,0,
E03,1,LR00341,1,MDM2,1,6KZU,16,0,
E04,1,LR00091,1,CRBN,1,9DJX,29,0,
E05,1,LR00092,1,CRBN,1,9DOM,34,0,
E06,1,LR00113,1,CRBN,1,9Y7D,40,0,
E07,1,LR00136,1,DCAF1,1,9BHR,39,0,
E08,1,LR00137,1,DCAF1,1,9BHS,36,0,
E09,1,LR00138,1,DCAF1,1,9C1Q,35,0,
E10,1,LR00139,1,DCAF1,1,9D4E,40,0,
E14,1,LR00398,1,TRIM21,1,7HLN,16,0,
E15,1,LR00433,1,TRIM21,1,7HMQ,11,0,
E16,1,LR00462,1,TRIM21,1,7HNJ,16,0,
E17,1,LR00475,1,TRIM21,1,7HO0,16,0,
E18,1,LR00483,1,TRIM21,1,7HO9,12,0,
E19,1,LR00543,1,VHL,1,9BOL,38,0,
EXE,1,LR00527,1,VHL,1,6GFZ,35,0,
EXH,1,LR00526,1,VHL,1,6GFY,35,0,
EYH,1,LR00338,1,MDM2,1,6GGN,39,0,
F4K,1,LR00528,1,VHL,1,6GMR,14,0,
F4U,1,LR00045,1,CRBN,1,7BQV,21,0,
FB2,1,LR00179,1,KEAP1,1,5FZN,11,0,
FHH,1,LR00153,1,HOIP(RNF31),1,6GZY,21,0,
FL5,1,LR00339,1,MDM2,1,6H22,34,0,
FUE,1,LR00587,1,XIAP,1,6H6R,41,0,
FUK,1,LR00586,1,XIAP,1,6H6Q,40,0,
FX9,1,LR00368,1,MDM2,1,8GCG,16,0,
G13,1,LR00253,1,LIVIN,1,3F7I,36,0,
G7I,1,LR00372,1,MDM2,1,8PWC,42,0,
GFD,1,LR00228,1,KEAP1,1,7XM2,42,0,
GQJ,1,LR00472,1,TRIM21,1,7HNU,18,0,
GX4,1,LR00469,1,TRIM21,1,7HNQ,19,0,
GX8,1,LR00182,1,KEAP1,1,6HWS,47,0,
H04,1,LR00422,1,TRIM21,1,7HMD,16,0,
H28,1,LR00340,1,MDM2,1,6I3S,32,0,
HIA,1,LR00265,1,MDM2,1,3IUX,12,0,
HOX,1,LR00568,1,XIAP,1,4WVU,14,0,
HRH,1,LR00343,1,MDM2,1,6Q9H,29,0,
HRQ,1,LR00349,1,MDM2,1,6Q9Y,27,0,
HRT,1,LR00348,1,MDM2,1,6Q9W,39,0,
HTZ,1,LR00344,1,MDM2,1,6Q9L,47,0,
HU8,1,LR00345,1,MDM2,1,6Q9O,40,0,
HUE,1,LR00346,1,MDM2,1,6Q9Q,48,0,
I09,1,LR00287,1,MDM2,1,4JRG,36,0,
I29,1,LR00286,1,MDM2,1,4J7E,38,0,
I31,1,LR00285,1,MDM2,1,4J7D,35,0,
IQK,1,LR00164,1,KEAP1,1,4IQK,35,0,
IUN,1,LR00603,1,cIAP1,1,7TRM,36,0,
J4Q,1,LR00397,1,TRIM21,1,7HLL,16,0,
J6H,1,LR00183,1,KEAP1,1,6QMC,20,0,
J6K,1,LR00187,1,KEAP1,1,6QMJ,37,0,
J6Q,1,LR00186,1,KEAP1,1,6QME,24,0,
J8H,1,LR00188,1,KEAP1,1,6QMK,39,0,
JFM,1,LR00448,1,TRIM21,1,7HN5,14,0,
JFP,1,LR00481,1,TRIM21,1,7HO7,12,0,
JGP,1,LR00466,1,TRIM21,1,7HNN,19,0,
JHR,1,LR00384,1,SOCS2,1,7ZLP,36,0,
JI0,1,LR00383,1,SOCS2,1,7ZLO,38,0,
JI9,1,LR00382,1,SOCS2,1,7ZLN,37,0,
JIH,1,LR00381,1,SOCS2,1,7ZLM,39,0,
JMM,1,LR00402,1,TRIM21,1,7HLQ,19,0,
JNW,1,LR00028,1,CRBN,1,6R0Q,21,0,
JO2,1,LR00030,1,CRBN,1,6R0V,23,0,
JOB,1,LR00031,1,CRBN,1,6R11,20,0,
JP5,1,LR00038,1,CRBN,1,6R1D,19,0,
JPB,1,LR00039,1,CRBN,1,6R1K,20,0,
JPQ,1,LR00041,1,CRBN,1,6R1X,15,0,
K1P,1,LR00428,1,TRIM21,1,7HMJ,14,0,
K23,1,LR00269,1,MDM2,1,3LBK,33,0,
K2M,1,LR00450,1,TRIM21,1,7HN7,17,0,
K67,1,LR00169,1,KEAP1,1,4ZY3,41,0,
K6U,1,LR00413,1,TRIM21,1,7HM3,14,0,
L5F,1,LR00230,1,KEAP1,1,8A46,43,0,
L6I,1,LR00177,1,KEAP1,1,5FNU,40,0,
L8B,1,LR00495,1,VHL,1,3ZRC,31,0,
LAY,1,LR00318,1,MDM2,1,5AFG,12,0,
LL0,1,LR00478,1,TRIM21,1,7HO4,15,0,
LQ8,1,LR00189,1,KEAP1,1,6SP1,38,0,
LQK,1,LR00190,1,KEAP1,1,6SP4,36,0,
LQP,1,LR00471,1,TRIM21,1,7HNS,16,0,
LTZ,1,LR00276,1,MDM2,1,3W69,48,0,
LV4,1,LR00420,1,TRIM21,1,7HMA,16,0,
M0L,1,LR00367,1,MDM2,1,8AEU,42,0,
MI6,1,LR00270,1,MDM2,1,3LBL,32,0,
MW6,1,LR00053,1,CRBN,1,8AOP,18,0,
N6O,1,LR00118,1,DCAF1,1,7UFV,28,0,
N8F,1,LR00054,1,CRBN,1,8AOQ,19,0,
NTV,1,LR00470,1,TRIM21,1,7HNR,17,0,
NUA,1,LR00461,1,TRIM21,1,7HNI,15,0,
NUY,1,LR00468,1,TRIM21,1,7HNP,17,0,
NZJ,1,LR00412,1,TRIM21,1,7HM2,19,0,
O1J,1,LR00482,1,TRIM21,1,7HO8,13,0,
O1M,1,LR00431,1,TRIM21,1,7HMO,17,0,
O3D,1,LR00459,1,TRIM21,1,7HNG,15,0,
O9E,1,LR00352,1,MDM2,1,6Y4Q,43,0,
P07,1,LR00319,1,MDM2,1,5AFG,27,0,
P7M,1,LR00144,1,DCAF15,1,6Q0V,21,0,
PKG,1,LR00193,1,KEAP1,1,6TYP,36,0,
PM3,1,LR00264,1,MDM2,1,3FEA,17,0,
PMZ,1,LR00485,1,TRIM21,1,8Y58,24,0,
Q49,1,LR00443,1,TRIM21,1,7HN0,16,0,
Q4L,1,LR00415,1,TRIM21,1,7HM5,18,0,
Q5J,1,LR00148,1,DCAF15,1,6UE5,25,0,
Q5V,1,LR00194,1,KEAP1,1,6UF0,44,0,
Q5Y,1,LR00195,1,KEAP1,1,6V6Z,39,0,
Q9E,1,LR00196,1,KEAP1,1,6Z6A,35,0,
QD0,1,LR00503,1,VHL,1,4BKT,20,0,
QE0,1,LR00530,1,VHL,1,8BDJ,36,0,
QE9,1,LR00532,1,VHL,1,8BDM,40,0,
QF3,1,LR00531,1,VHL,1,8BDL,41,0,
QF7,1,LR00529,1,VHL,1,8BDI,42,0,
QFF,1,LR00534,1,VHL,1,8BDO,35,0,
QFR,1,LR00533,1,VHL,1,8BDN,37,0,
QGZ,1,LR00198,1,KEAP1,1,6ZEY,28,0,
QH2,1,LR00206,1,KEAP1,1,6ZF6,38,0,
QH5,1,LR00203,1,KEAP1,1,6ZF3,30,0,
QH8,1,LR00205,1,KEAP1,1,6ZF5,36,0,
QHH,1,LR00199,1,KEAP1,1,6ZEZ,35,0,
QHK,1,LR00201,1,KEAP1,1,6ZF1,32,0,
QHN,1,LR00197,1,KEAP1,1,6ZEX,18,0,
QHQ,1,LR00207,1,KEAP1,1,6ZF7,34,0,
QHT,1,LR00200,1,KEAP1,1,6ZF0,32,0,
QHW,1,LR00204,1,KEAP1,1,6ZF4,36,0,
QHZ,1,LR00208,1,KEAP1,1,6ZF8,40,0,
QJ5,1,LR00202,1,KEAP1,1,6ZF2,31,0,
RV4,1,LR00467,1,TRIM21,1,7HNO,18,0,
RWS,1,LR00464,1,TRIM21,1,7HNL,13,0,
RXS,1,LR00423,1,TRIM21,1,7HME,16,0,
S0W,1,LR00173,1,KEAP1,1,5FNQ,13,0,
S7G,1,LR00439,1,TRIM21,1,7HMW,15,0,
S9S,1,LR00388,1,TRIM21,1,7HLB,15,0,
SFY,1,LR00429,1,TRIM21,1,7HMK,18,0,
SGO,1,LR00231,1,KEAP1,1,8IVG,27,0,
SIU,1,LR00232,1,KEAP1,1,8IVR,28,0,
SXJ,1,LR00160,1,KEAP1,1,4CXT,37,0,
T6I,1,LR00233,1,KEAP1,1,8IXS,29,0,
T6J,1,LR00435,1,TRIM21,1,7HMS,15,0,
T9Q,1,LR00455,1,TRIM21,1,7HNB,14,0,
TG0,1,LR00501,1,VHL,1,4B9K,33,0,
TJ2,1,LR00271,1,MDM2,1,3TJ2,33,0,
TR0,1,LR00496,1,VHL,1,3ZTC,32,0,
TU6,1,LR00395,1,TRIM21,1,7HLJ,16,0,
TUW,1,LR00355,1,MDM2,1,7BIV,39,0,
TUZ,1,LR00353,1,MDM2,1,7BIR,39,0,
TV5,1,LR00354,1,MDM2,1,7BIT,37,0,
TV9,1,LR00456,1,TRIM21,1,7HNC,15,0,
TVH,1,LR00356,1,MDM2,1,7BJ0,36,0,
TVK,1,LR00357,1,MDM2,1,7BJ6,38,0,
TX6,1,LR00171,1,KEAP1,1,5DAD,23,0,
U0S,1,LR00390,1,TRIM21,1,7HLD,16,0,
U2R,1,LR00438,1,TRIM21,1,7HMV,13,0,
U3I,1,LR00084,1,CRBN,1,8TZX,30,0,
U3Z,1,LR00358,1,MDM2,1,7BMG,38,0,
UCK,1,LR00500,1,VHL,1,4B95,27,0,
UUP,1,LR00396,1,TRIM21,1,7HLK,16,0,
UVA,1,LR00418,1,TRIM21,1,7HM8,13,0,
UWS,1,LR00389,1,TRIM21,1,7HLC,16,0,
UXA,1,LR00409,1,TRIM21,1,7HLX,16,0,
UXD,1,LR00479,1,TRIM21,1,7HO5,13,0,
UXG,1,LR00391,1,TRIM21,1,7HLE,19,0,
V4M,1,LR00043,1,CRBN,1,6XK9,33,0,
V6F,1,LR00499,1,VHL,1,4AWJ,14,0,
VBK,1,LR00210,1,KEAP1,1,7OF9,12,0,
VBQ,1,LR00214,1,KEAP1,1,7OFE,22,0,
VBT,1,LR00211,1,KEAP1,1,7OFA,13,0,
VCB,1,LR00215,1,KEAP1,1,7OFF,28,0,
VCN,1,LR00212,1,KEAP1,1,7OFB,22,0,
VCQ,1,LR00209,1,KEAP1,1,7OF8,17,0,
VCT,1,LR00213,1,KEAP1,1,7OFC,20,0,
VFO,1,LR00535,1,VHL,1,8CQE,41,0,
VH3,1,LR00537,1,VHL,1,8CQL,41,0,
VL6,1,LR00541,1,VHL,1,8QJS,43,0,
VLW,1,LR00130,1,DCAF1,1,8OGA,32,0,
VMR,1,LR00125,1,DCAF1,1,8OG7,21,0,
VN5,1,LR00131,1,DCAF1,1,8OGB,33,0,
VP9,1,LR00064,1,CRBN,1,8OJH,23,0,
VW4,1,LR00414,1,TRIM21,1,7HM4,14,0,
VWV,1,LR00411,1,TRIM21,1,7HM1,15,0,
VYQ,1,LR00536,1,VHL,1,8CQK,39,0,
VZV,1,LR00275,1,MDM2,1,3VZV,39,0,
VZY,1,LR00447,1,TRIM21,1,7HN4,15,0,
W0Y,1,LR00430,1,TRIM21,1,7HMM,15,0,
W0Z,1,LR00071,1,CRBN,1,8OUA,23,0,
W1A,1,LR00437,1,TRIM21,1,7HMU,13,0,
W1B,1,LR00070,1,CRBN,1,8OU9,20,0,
W1F,1,LR00069,1,CRBN,1,8OU7,21,0,
W1X,1,LR00067,1,CRBN,1,8OU5,23,0,
W26,1,LR00068,1,CRBN,1,8OU6,20,0,
W2F,1,LR00066,1,CRBN,1,8OU4,20,0,
WBN,1,LR00538,1,VHL,1,8P0F,31,0,
WGM,1,LR00454,1,TRIM21,1,7HNA,16,0,
WHP,1,LR00474,1,TRIM21,1,7HNX,15,0,
WJA,1,LR00440,1,TRIM21,1,7HMX,13,0,
WKG,1,LR00463,1,TRIM21,1,7HNK,16,0,
WKS,1,LR00426,1,TRIM21,1,7HMG,15,0,
WNY,1,LR00484,1,TRIM21,1,7HOA,17,0,
X23,1,LR00559,1,XIAP,1,3CM2,37,0,
X6C,1,LR00502,1,VHL,1,4BKS,25,0,
XJI,1,LR00119,1,DCAF1,1,8F8E,30,0,
XMS,1,LR00174,1,KEAP1,1,5FNR,23,0,
XXT,1,LR00180,1,KEAP1,1,5GIT,27,0,
XYY,1,LR00175,1,KEAP1,1,5FNS,30,0,
Y30,1,LR00297,1,MDM2,1,4MDN,41,0,
YIN,1,LR00266,1,MDM2,1,3JZK,32,0,
YK3,1,LR00151,1,DCAF16,1,8G46,37,0,
YOT,1,LR00062,1,CRBN,1,8G66,29,0,
YP2,1,LR00157,1,HUWE1,1,8RD1,19,0,
YQO,1,LR00073,1,CRBN,1,8RDQ,21,0,
ZHW,1,LR00590,1,XIAP,1,8GH7,15,0,
ZQA,1,LR00432,1,TRIM21,1,7HMP,13,0,
ZTD,1,LR00497,1,VHL,1,3ZTD,30,0,
ZTQ,1,LR00441,1,TRIM21,1,7HMY,19,0,
ZUN,1,LR00498,1,VHL,1,3ZUN,29,0,
DCAF16,1,LR00151,1,DCAF16,0,,1,1,LR-SCAF00006
GID4,1,LR00152,1,GID4,0,,1,1,LR-SCAF00099
PARKIN,1,LR00378,1,Parkin,0,,1,1,LR-SCAF00298
