Unified_Scaffold_ID,Supercluster_Key,Scaffold_Hash,Representative_Scaffold_SMILES,Representative_Murcko_SMILES,Scaffold_Class,Ligase_Count,Ligases,Ligase_Local_Scaffold_Count,Original_Scaffold_ID_Group,Recruiter_Count,Recruiter_Code_Group,Is_Cross_Ligase_Supercluster
LR-SCAF00231,9970801b,9970801b,C1CCCCC1,C1CCCCC1,Monocyclic,6,KEAP1;LIVIN;MDM2;TRIM21;XIAP;cIAP1,6,KEAP1_SCAF_12;LIVIN_SCAF_7;MDM2_SCAF_4;TRIM21_SCAF_2;XIAP_SCAF_10;cIAP1_SCAF_4,21,LR00173;LR00179;LR00257;LR00264;LR00368;LR00388;LR00414;LR00418;LR00420;LR00430;LR00438;LR00447;LR00448;LR00455;LR00474;LR00478;LR00482;LR00566;LR00568;LR00589;LR00594,True
LR-SCAF00219,927a5aa0,927a5aa0,C1CCNCC1,C1CCNCC1,Monocyclic_Hetero,3,KEAP1;TRIM21;XIAP,3,KEAP1_SCAF_40;TRIM21_SCAF_19;XIAP_SCAF_14,8,LR00211;LR00408;LR00410;LR00437;LR00475;LR00477;LR00483;LR00572,True
LR-SCAF00166,788cb04f,788cb04f,C1CCC(C2N[C@@H](C3CCCCC3)[C@@H](C3CCCCC3)N2CN2CCNCC2)CC1,C1CCC(C2N[C@@H](C3CCCCC3)[C@@H](C3CCCCC3)N2CN2CCNCC2)CC1,Polycyclic_Hetero,2,MDM2;MDMX,2,MDM2_SCAF_1;MDMX_SCAF_2,6,LR00258;LR00259;LR00367;LR00375;LR00376;LR00377,True
LR-SCAF00053,27da9cc8,27da9cc8,C1CCC(C(NC[C@@H]2CC[C@@H]3CCCCCN32)C2CCCCC2)CC1,C1CCC(C(NC[C@@H]2CC[C@@H]3CCCCCN32)C2CCCCC2)CC1,Polycyclic_Hetero,2,XIAP;cIAP1,2,XIAP_SCAF_5;cIAP1_SCAF_1,5,LR00558;LR00559;LR00560;LR00561;LR00591,True
LR-SCAF00124,56715195,56715195,C1CCC(CC2CNC3CCN(CCN4CC[NH2+]C[C@@H]4CN4CCOCC4)C3C2)CC1,C1CCC(CC2CNC3CCN(CCN4CC[NH2+]C[C@@H]4CN4CCOCC4)C3C2)CC1,Polycyclic_Hetero,2,XIAP;cIAP1,2,XIAP_SCAF_21;cIAP1_SCAF_9,5,LR00581;LR00582;LR00584;LR00586;LR00601,True
LR-SCAF00067,333d7b8c,333d7b8c,C1CCC(CCN2C[C@H]3CCCN3C[C@H]2CN[C@@H]2CCOC3CCCCC32)CC1,C1CCC(CCN2C[C@H]3CCCN3C[C@H]2CN[C@@H]2CCOC3CCCCC32)CC1,Polycyclic_Hetero,2,XIAP;cIAP1,2,XIAP_SCAF_7;cIAP1_SCAF_6,4,LR00563;LR00596;LR00598;LR00599,True
LR-SCAF00206,8b7236b6,8b7236b6,C1CNCN1,C1CNCN1,Monocyclic_Hetero,2,MDM2;VHL,2,MDM2_SCAF_5;VHL_SCAF_24,3,LR00265;LR00539;LR00548,True
LR-SCAF00005,00e15ffe,00e15ffe,C1CCC(C2CSNN2)CC1,C1CCC(C2CSNN2)CC1,Bicyclic_Hetero,2,LIVIN;cIAP1,2,LIVIN_SCAF_6;cIAP1_SCAF_3,2,LR00256;LR00593,True
LR-SCAF00020,0c9c5086,0c9c5086,C1CCNC1,C1CCNC1,Monocyclic_Hetero,2,CRBN;VHL,2,CRBN_SCAF_10;VHL_SCAF_4,2,LR00041;LR00499,True
LR-SCAF00035,133168ec,133168ec,C1CCC(CN2CCNCC2)CC1,C1CCC(CN2CCNCC2)CC1,Bicyclic_Hetero,2,TRIM21;VHL,2,TRIM21_SCAF_71;VHL_SCAF_33,2,LR00480;LR00551,True
LR-SCAF00100,45f0c228,45f0c228,C1CCC(CNC[C@@H]2CC[C@@H]3CCCCCN32)CC1,C1CCC(CNC[C@@H]2CC[C@@H]3CCCCCN32)CC1,Polycyclic_Hetero,2,XIAP;cIAP1,2,XIAP_SCAF_23;cIAP1_SCAF_10,2,LR00585;LR00602,True
LR-SCAF00372,fff95c25,fff95c25,C1CCC2CN([C@H]3CCCNC3)CC2C1,C1CCC2CN([C@H]3CCCNC3)CC2C1,Polycyclic_Hetero,1,CRBN,1,CRBN_SCAF_1,39,LR00006;LR00007;LR00008;LR00009;LR00010;LR00011;LR00012;LR00013;LR00014;LR00016;LR00017;LR00018;LR00019;LR00020;LR00023;LR00024;LR00026;LR00027;LR00029;LR00032;LR00033;LR00034;LR00035;LR00036;LR00037;LR00040;LR00042;LR00044;LR00045;LR00050;LR00060;LR00063;LR00064;LR00065;LR00079;LR00081;LR00086;LR00087;LR00097,False
LR-SCAF00097,4479504e,4479504e,C1CN[C@H](CNCC2CCC(C3CNCS3)CC2)C1,C1CN[C@H](CNCC2CCC(C3CNCS3)CC2)C1,Polycyclic_Hetero,1,VHL,1,VHL_SCAF_9,13,LR00506;LR00507;LR00508;LR00509;LR00513;LR00515;LR00518;LR00523;LR00524;LR00525;LR00526;LR00527;LR00542,False
LR-SCAF00075,3689d426,3689d426,C1CCC([C@@H]2[C@H](C3CCCCC3)N[C@@H](C3CCCCC3)N2CN2CCNCC2)CC1,C1CCC([C@@H]2[C@H](C3CCCCC3)N[C@@H](C3CCCCC3)N2CN2CCNCC2)CC1,Polycyclic_Hetero,1,MDM2,1,MDM2_SCAF_17,10,LR00281;LR00282;LR00320;LR00335;LR00336;LR00359;LR00360;LR00361;LR00370;LR00371,False
LR-SCAF00360,f5abcc43,f5abcc43,C1C[C@@H](CNCC2CCC(C3CNCS3)CC2)N(CCNCC2CC2)C1,C1C[C@@H](CNCC2CCC(C3CNCS3)CC2)N(CCNCC2CC2)C1,Polycyclic_Hetero,1,VHL,1,VHL_SCAF_13,8,LR00514;LR00516;LR00517;LR00519;LR00520;LR00536;LR00537;LR00552,False
LR-SCAF00031,102917a2,102917a2,CCCCCCC[C@@](C)(N)CO,,Acyclic,1,MDM2,1,MDM2_SCAF_102917a2,7,LR00300;LR00312;LR00333;LR00337;LR00350;LR00351;LR00369,False
LR-SCAF00150,6e3a2581,6e3a2581,C1CCC(CN[C@H]2CCCNC2)CC1,C1CCC(CN[C@H]2CCCNC2)CC1,Bicyclic_Hetero,1,CRBN,1,CRBN_SCAF_6,7,LR00028;LR00066;LR00067;LR00068;LR00069;LR00070;LR00071,False
LR-SCAF00183,826062c2,826062c2,C1CCC(N2CCN(CC3CCC(COC4CCCC5CN([C@H]6CCCNC6)CC54)CC3)CC2)CC1,C1CCC(N2CCN(CC3CCC(COC4CCCC5CN([C@H]6CCCNC6)CC54)CC3)CC2)CC1,Polycyclic_Hetero,1,CRBN,1,CRBN_SCAF_18,6,LR00055;LR00056;LR00057;LR00058;LR00077;LR00080,False
LR-SCAF00215,8fda97d5,8fda97d5,C1CCC(SNC2CCCC3CCNC32)CC1,C1CCC(SNC2CCCC3CCNC32)CC1,Polycyclic_Hetero,1,DCAF15,1,DCAF15_SCAF_1,6,LR00142;LR00143;LR00145;LR00146;LR00147;LR00148,False
LR-SCAF00232,9a4eb7a7,9a4eb7a7,C1CCC(CCN[C@H](CNCC2CCCCC2)CC2CCCCC2)CC1,C1CCC(CCN[C@H](CNCC2CCCCC2)CC2CCCCC2)CC1,Polycyclic_Hetero,1,SOCS2,1,SOCS2_SCAF_1,6,LR00381;LR00382;LR00383;LR00384;LR00385;LR00386,False
LR-SCAF00022,0d0ae2c3,0d0ae2c3,C1CCC(C2C[C@]3(CCCNC3)ON2)CC1,C1CCC(C2C[C@]3(CCCNC3)ON2)CC1,Polycyclic_Hetero,1,CRBN,1,CRBN_SCAF_20,5,LR00072;LR00073;LR00074;LR00075;LR00076,False
LR-SCAF00098,45c0b344,45c0b344,C1CCC([C@@H]2CC3CCCCC3C3NCCN32)CC1,C1CCC([C@@H]2CC3CCCCC3C3NCCN32)CC1,Polycyclic_Hetero,1,DCAF1,1,DCAF1_SCAF_4,5,LR00120;LR00121;LR00122;LR00123;LR00124,False
LR-SCAF00131,5bb4cd96,5bb4cd96,C1CCC(CC2CCC3NNNC3C2)CC1,C1CCC(CC2CCC3NNNC3C2)CC1,Polycyclic_Hetero,1,KEAP1,1,KEAP1_SCAF_13,5,LR00174;LR00175;LR00184;LR00185;LR00186,False
LR-SCAF00333,e2518056,e2518056,C1CCC2NCCC2C1,C1CCC2NCCC2C1,Bicyclic_Hetero,1,MDM2,1,MDM2_SCAF_3,5,LR00261;LR00262;LR00263;LR00334;LR00341,False
LR-SCAF00080,392becf9,392becf9,C1CCC(CN2CCC3CCCCC3[C@H]2CN2CC3CCCCC3C2)CC1,C1CCC(CN2CCC3CCCCC3[C@H]2CN2CC3CCCCC3C2)CC1,Polycyclic_Hetero,1,KEAP1,1,KEAP1_SCAF_3,4,LR00161;LR00166;LR00167;LR00189,False
LR-SCAF00220,92b2068f,92b2068f,C1CCC(N2CCNCC2)CC1,C1CCC(N2CCNCC2)CC1,Bicyclic_Hetero,1,TRIM21,1,TRIM21_SCAF_24,4,LR00415;LR00422;LR00431;LR00484,False
LR-SCAF00254,a90fce23,a90fce23,C1CCC([C@H]2CCCN[C@@H]2C2CCCCC2)CC1,C1CCC([C@H]2CCCN[C@@H]2C2CCCCC2)CC1,Polycyclic_Hetero,1,MDM2,1,MDM2_SCAF_16,4,LR00278;LR00279;LR00280;LR00301,False
LR-SCAF00296,c3c0f007,c3c0f007,C1CCC([C@@]2(OCC3CC3)[C@H]3CCCCC3CN2CC2CCCCN2)CC1,C1CCC([C@@]2(OCC3CC3)[C@H]3CCCCC3CN2CC2CCCCN2)CC1,Polycyclic_Hetero,1,MDM2,1,MDM2_SCAF_62,4,LR00353;LR00354;LR00355;LR00357,False
LR-SCAF00318,d3e00a53,d3e00a53,C1CC2CN([C@H]3CCCNC3)CC2C(OCC2CCC(CN3CCOCC3)CC2)C1,C1CC2CN([C@H]3CCCNC3)CC2C(OCC2CCC(CN3CCOCC3)CC2)C1,Polycyclic_Hetero,1,CRBN,1,CRBN_SCAF_4,4,LR00022;LR00048;LR00059;LR00085,False
LR-SCAF00051,2765e0b6,2765e0b6,C1CCC(CNC[C@@H]2CCCN2CCC2CCNO2)CC1,C1CCC(CNC[C@@H]2CCCN2CCC2CCNO2)CC1,Polycyclic_Hetero,1,VHL,1,VHL_SCAF_3,3,LR00497;LR00498;LR00530,False
LR-SCAF00056,2bb33eb6,2bb33eb6,C1CCC2C(C1)CC1CCCCC12,C1CCC2C(C1)CC1CCCCC12,Polycyclic,1,KEAP1,1,KEAP1_SCAF_41,3,LR00212;LR00213;LR00214,False
LR-SCAF00179,81c2d1e9,81c2d1e9,C1CCC(CNCCC2CCC3CCCCC3C2)CC1,C1CCC(CNCCC2CCC3CCCCC3C2)CC1,Polycyclic_Hetero,1,KEAP1,1,KEAP1_SCAF_55,3,LR00231;LR00232;LR00233,False
LR-SCAF00187,836621cc,836621cc,C1CCC(C[C@H]2CN[C@H](C3CCCCC3)[C@H](C3CCCCC3)O2)CC1,C1CCC(C[C@H]2CN[C@H](C3CCCCC3)[C@H](C3CCCCC3)O2)CC1,Polycyclic_Hetero,1,MDM2,1,MDM2_SCAF_22,3,LR00289;LR00290;LR00291,False
LR-SCAF00295,c36e270e,c36e270e,C1CN[C@H](CNCC2CCC(C3CNCO3)CC2)C1,C1CN[C@H](CNCC2CCC(C3CNCO3)CC2)C1,Polycyclic_Hetero,1,VHL,1,VHL_SCAF_7,3,LR00502;LR00504;LR00505,False
LR-SCAF00345,e8cf6b39,e8cf6b39,C1CCC2NCCCC2C1,C1CCC2NCCCC2C1,Bicyclic_Hetero,1,TRIM21,1,TRIM21_SCAF_27,3,LR00419;LR00424;LR00425,False
LR-SCAF00015,0b61e353,0b61e353,C1CCC(CNCNC2NNC(C3CCCO3)O2)CC1,C1CCC(CNCNC2NNC(C3CCCO3)O2)CC1,Polycyclic_Hetero,1,KEAP1,1,KEAP1_SCAF_1,2,LR00158;LR00159,False
LR-SCAF00017,0c0fa4cc,0c0fa4cc,C1CCC(CN2CC[C@@H]3CCC(CC4CC[C@@H]5NNN[C@H]5C4)CC3C2)CC1,C1CCC(CN2CC[C@@H]3CCC(CC4CC[C@@H]5NNN[C@H]5C4)CC3C2)CC1,Polycyclic_Hetero,1,KEAP1,1,KEAP1_SCAF_22,2,LR00191;LR00192,False
LR-SCAF00023,0d78dc29,0d78dc29,C1CC([C@@H]2CCC[C@H](CN3CCCC3)C2)CC(N2NCCC2C2CC2)C1,C1CC([C@@H]2CCC[C@H](CN3CCCC3)C2)CC(N2NCCC2C2CC2)C1,Polycyclic_Hetero,1,KEAP1,1,KEAP1_SCAF_29,2,LR00199;LR00221,False
LR-SCAF00025,0dad107d,0dad107d,C1CCC(C2(C3C[C@@H]4CCCCC4C4NCCN43)CC2)CC1,C1CCC(C2(C3C[C@@H]4CCCCC4C4NCCN43)CC2)CC1,Polycyclic_Hetero,1,DCAF1,1,DCAF1_SCAF_7,2,LR00128;LR00129,False
LR-SCAF00028,0f02df96,0f02df96,C1CCC(CN2CN[C@@H](C[C@H]3CNC4CCCCC43)C2)CC1,C1CCC(CN2CN[C@@H](C[C@H]3CNC4CCCCC43)C2)CC1,Polycyclic_Hetero,1,MDM2,1,MDM2_SCAF_12,2,LR00273;LR00274,False
LR-SCAF00040,1713e683,1713e683,C1CCC([C@H]2NCCO[C@@H]2C2CCCCC2)CC1,C1CCC([C@H]2NCCO[C@@H]2C2CCCCC2)CC1,Polycyclic_Hetero,1,MDM2,1,MDM2_SCAF_31,2,LR00303;LR00308,False
LR-SCAF00069,335aedd3,335aedd3,C1CCC(SNCC2CCCC(CC3CCC4NNNC4C3)C2)CC1,C1CCC(SNCC2CCCC(CC3CCC4NNNC4C3)C2)CC1,Polycyclic_Hetero,1,KEAP1,1,KEAP1_SCAF_14,2,LR00176;LR00187,False
LR-SCAF00081,39972972,39972972,C1CCC(C2CCCC(N3CCCN3)N2)CC1,C1CCC(C2CCCC(N3CCCN3)N2)CC1,Polycyclic_Hetero,1,KEAP1,1,KEAP1_SCAF_43,2,LR00216;LR00217,False
LR-SCAF00082,39bc19a4,39bc19a4,C1CCC(NCCC[C@H]2CCCC(NC3CCN([C@H]4CCCNC4)C3)C2)CC1,C1CCC(NCCC[C@H]2CCCC(NC3CCN([C@H]4CCCNC4)C3)C2)CC1,Polycyclic_Hetero,1,CRBN,1,CRBN_SCAF_12,2,LR00046;LR00096,False
LR-SCAF00088,408680a6,408680a6,N[C@H](CO)CCCCNCS,,Acyclic,1,MDM2,1,MDM2_SCAF_408680a6,2,LR00331;LR00332,False
LR-SCAF00091,414d9e31,414d9e31,C1CCC(SNC2CCC[C@H](N3NCC[C@H]3C3CC3)C2)CC1,C1CCC(SNC2CCC[C@H](N3NCC[C@H]3C3CC3)C2)CC1,Polycyclic_Hetero,1,KEAP1,1,KEAP1_SCAF_30,2,LR00200;LR00207,False
LR-SCAF00093,41b88d7b,41b88d7b,C1CNC[C@@H](N2CC3CCC(N4CCOCC4)CC3C2)C1,C1CNC[C@@H](N2CC3CCC(N4CCOCC4)CC3C2)C1,Polycyclic_Hetero,1,CRBN,1,CRBN_SCAF_22,2,LR00082;LR00083,False
LR-SCAF00101,475e369c,475e369c,C1CCC(NC[C@@H]2NC[C@@]3(CNC4CCCCC43)[C@H]2C2CCCCC2)CC1,C1CCC(NC[C@@H]2NC[C@@]3(CNC4CCCCC43)[C@H]2C2CCCCC2)CC1,Polycyclic_Hetero,1,MDM2,1,MDM2_SCAF_26,2,LR00295;LR00330,False
LR-SCAF00104,488d2785,488d2785,C1CCC([C@H]2NCN[C@H]2C2CCCCC2)CC1,C1CCC([C@H]2NCN[C@H]2C2CCCCC2)CC1,Polycyclic_Hetero,1,MDM2,1,MDM2_SCAF_18,2,LR00283;LR00284,False
LR-SCAF00105,491e9e63,491e9e63,C1C[N]([Re][N]2CCNC2)CN1,C1C[N]([Re][N]2CCNC2)CN1,Bicyclic_Hetero,1,VHL,1,VHL_SCAF_25,2,LR00540;LR00549,False
LR-SCAF00114,51968811,51968811,C1CCC(C2CNC[C@@H]2C2CCCCC2)CC1,C1CCC(C2CNC[C@@H]2C2CCCCC2)CC1,Polycyclic_Hetero,1,MDM2,1,MDM2_SCAF_21,2,LR00287;LR00288,False
LR-SCAF00115,52affb69,52affb69,C1CCC(CCCN2C[C@H](C3CCCCC3)C[C@H]2CNCCC2CCNCC2)CC1,C1CCC(CCCN2C[C@H](C3CCCCC3)C[C@H]2CNCCC2CCNCC2)CC1,Polycyclic_Hetero,1,TRIM21,1,TRIM21_SCAF_76,2,LR00489;LR00491,False
LR-SCAF00119,54426dda,54426dda,C1CCC(NCCOC2CCC3CCC(CC4CCC5OCOC5C4)CC3C2)CC1,C1CCC(NCCOC2CCC3CCC(CC4CCC5OCOC5C4)CC3C2)CC1,Polycyclic_Hetero,1,KEAP1,1,KEAP1_SCAF_67,2,LR00245;LR00246,False
LR-SCAF00146,667ff8dd,667ff8dd,C1CCC(CN2CN[C@@H](C3CCCCC3)[C@@H]2[C@H]2CNC3CCCCC32)CC1,C1CCC(CN2CN[C@@H](C3CCCCC3)[C@@H]2[C@H]2CNC3CCCCC32)CC1,Polycyclic_Hetero,1,MDM2,1,MDM2_SCAF_44,2,LR00321;LR00322,False
LR-SCAF00157,73e3831c,73e3831c,C1CCC(NCCSC2NCC(SC3CCCCC3)CN2)CC1,C1CCC(NCCSC2NCC(SC3CCCCC3)CN2)CC1,Polycyclic_Hetero,1,KEAP1,1,KEAP1_SCAF_4,2,LR00162;LR00163,False
LR-SCAF00164,7828a6cd,7828a6cd,C1CCC(CNCCC2CNC3CCCCC23)CC1,C1CCC(CNCCC2CNC3CCCCC23)CC1,Polycyclic_Hetero,1,MDM2,1,MDM2_SCAF_29,2,LR00298;LR00299,False
LR-SCAF00172,7f22b770,7f22b770,C1CCC([C@H]2CCCNC2)CC1,C1CCC([C@H]2CCCNC2)CC1,Bicyclic_Hetero,1,CRBN,1,CRBN_SCAF_15,2,LR00051;LR00098,False
LR-SCAF00173,7fb2ecd2,7fb2ecd2,C1CCC(CCC2CC3CCCCC3C3NCCN23)CC1,C1CCC(CCC2CC3CCCCC3C3NCCN23)CC1,Polycyclic_Hetero,1,DCAF1,1,DCAF1_SCAF_6,2,LR00126;LR00127,False
LR-SCAF00199,899c9c02,899c9c02,C1CCC(CN2CCC(C3CC[C@@H]4CN([C@H]5CCCNC5)CC4C3)CC2)CC1,C1CCC(CN2CCC(C3CC[C@@H]4CN([C@H]5CCCNC5)CC4C3)CC2)CC1,Polycyclic_Hetero,1,CRBN,1,CRBN_SCAF_16,2,LR00052;LR00061,False
LR-SCAF00221,92f0dc5b,92f0dc5b,C1CCC(CNC[C@H]2CNC3CCCCC32)CC1,C1CCC(CNC[C@H]2CNC3CCCCC32)CC1,Polycyclic_Hetero,1,MDM2,1,MDM2_SCAF_11,2,LR00272;LR00328,False
LR-SCAF00225,93b39f15,93b39f15,C1CCC(C2([C@@H]3NC[C@@H]4CC[C@@H](N5CCNCC5)C[C@H]4N3)CCCCC2)CC1,C1CCC(C2([C@@H]3NC[C@@H]4CC[C@@H](N5CCNCC5)C[C@H]4N3)CCCCC2)CC1,Polycyclic_Hetero,1,DCAF1,1,DCAF1_SCAF_11,2,LR00134;LR00135,False
LR-SCAF00234,9b07acb7,9b07acb7,C1CNC[C@@H](N2CC(C3CCSC3)NN2)C1,C1CNC[C@@H](N2CC(C3CCSC3)NN2)C1,Polycyclic_Hetero,1,CRBN,1,CRBN_SCAF_30,2,LR00094;LR00095,False
LR-SCAF00245,a0d1dc95,a0d1dc95,C1NCC2CNNC2N1,C1NCC2CNNC2N1,Bicyclic_Hetero,1,TRIM21,1,TRIM21_SCAF_16,2,LR00403;LR00404,False
LR-SCAF00246,a26eb8ba,a26eb8ba,C1CC2C(CCN2CCN2CC[NH2+]CC2)CN1,C1CC2C(CCN2CCN2CC[NH2+]CC2)CN1,Polycyclic_Hetero,1,XIAP,1,XIAP_SCAF_17,2,LR00576;LR00578,False
LR-SCAF00257,ab5e5c84,ab5e5c84,C1CCC(C2([C@@H]3NCC4CCC(N5CCNCC5)CC4N3)CCCC2)CC1,C1CCC(C2([C@@H]3NCC4CCC(N5CCNCC5)CC4N3)CCCC2)CC1,Polycyclic_Hetero,1,DCAF1,1,DCAF1_SCAF_10,2,LR00132;LR00133,False
LR-SCAF00285,bdf24a45,bdf24a45,C1CCC([C@H]2OC(CC3CCCCN3)CN(CC3CC3)[C@@H]2C2CCCCC2)CC1,C1CCC([C@H]2OC(CC3CCCCN3)CN(CC3CC3)[C@@H]2C2CCCCC2)CC1,Polycyclic_Hetero,1,MDM2,1,MDM2_SCAF_33,2,LR00305;LR00307,False
LR-SCAF00290,c17485d6,c17485d6,C1CCC(CN[C@H]2CCNC2)CC1,C1CCC(CN[C@H]2CCNC2)CC1,Bicyclic_Hetero,1,CRBN,1,CRBN_SCAF_7,2,LR00030;LR00039,False
LR-SCAF00302,ca2a6d6b,ca2a6d6b,C1CCSCC1,C1CCSCC1,Monocyclic_Hetero,1,TRIM21,1,TRIM21_SCAF_49,2,LR00451;LR00452,False
LR-SCAF00303,ca5eeffe,ca5eeffe,C1CN(CC2CSNN2)CCO1,C1CN(CC2CSNN2)CCO1,Bicyclic_Hetero,1,TRIM21,1,TRIM21_SCAF_17,2,LR00405;LR00406,False
LR-SCAF00314,d01f36bc,d01f36bc,C1CCC2C(C1)CCN2CCN1CC[NH2+]CC1,C1CCC2C(C1)CCN2CCN1CC[NH2+]CC1,Polycyclic_Hetero,1,XIAP,1,XIAP_SCAF_15,2,LR00573;LR00575,False
LR-SCAF00315,d068cd94,d068cd94,C1CCC(NCNCC2CCC3CN([C@H]4CCCNC4)CC3C2)CC1,C1CCC(NCNCC2CCC3CN([C@H]4CCCNC4)CC3C2)CC1,Polycyclic_Hetero,1,CRBN,1,CRBN_SCAF_3,2,LR00021;LR00111,False
LR-SCAF00319,d442e4d3,d442e4d3,C1CCC2CNCC2C1,C1CCC2CNCC2C1,Bicyclic_Hetero,1,HUWE1,1,HUWE1_SCAF_1,2,LR00156;LR00157,False
LR-SCAF00321,d6c24203,d6c24203,C1CC(CC2CCC3NNNC3C2)CC(CN2CCOC3CCCCC3S2)C1,C1CC(CC2CCC3NNNC3C2)CC(CN2CCOC3CCCCC3S2)C1,Polycyclic_Hetero,1,KEAP1,1,KEAP1_SCAF_15,2,LR00177;LR00188,False
LR-SCAF00325,dd6e25dc,dd6e25dc,C1CCC(N2CCCC2)NC1,C1CCC(N2CCCC2)NC1,Bicyclic_Hetero,1,TRIM21,1,TRIM21_SCAF_6,2,LR00392;LR00454,False
LR-SCAF00340,e48c70e3,e48c70e3,C1CCC(SC[C@H]2CCCNC2)CC1,C1CCC(SC[C@H]2CCCNC2)CC1,Bicyclic_Hetero,1,CRBN,1,CRBN_SCAF_17,2,LR00053;LR00054,False
LR-SCAF00341,e65383dc,e65383dc,C1CCC([C@H]2C3CN(C4CNCNC4)NC3CN2C2CCCNC2)CC1,C1CCC([C@H]2C3CN(C4CNCNC4)NC3CN2C2CCCNC2)CC1,Polycyclic_Hetero,1,MDM2,1,MDM2_SCAF_54,2,LR00342;LR00347,False
LR-SCAF00347,eccebd60,eccebd60,C1CSCN1,C1CSCN1,Monocyclic_Hetero,1,TRIM21,1,TRIM21_SCAF_35,2,LR00433;LR00481,False
LR-SCAF00348,ed5de95c,ed5de95c,C1CO[C@H](O[C@@H]2CCO[C@H]2N2CNC3CNCNC32)C1,C1CO[C@H](O[C@@H]2CCO[C@H]2N2CNC3CNCNC32)C1,Polycyclic_Hetero,1,RNF146,1,RNF146_SCAF_1,2,LR00379;LR00380,False
LR-SCAF00349,ee411f57,ee411f57,C1CCC(CN2CN[C@@H](C3CCCCC3)[C@@H]2[C@H]2C(CN3CCCC3)N[C@H]3CCCC[C@H]23)CC1,C1CCC(CN2CN[C@@H](C3CCCCC3)[C@@H]2[C@H]2C(CN3CCCC3)N[C@H]3CCCC[C@H]23)CC1,Polycyclic_Hetero,1,MDM2,1,MDM2_SCAF_7,2,LR00267;LR00268,False
LR-SCAF00359,f55f0cdc,f55f0cdc,C1CCC2OCCCC2C1,C1CCC2OCCCC2C1,Bicyclic_Hetero,1,TRIM21,1,TRIM21_SCAF_14,2,LR00400;LR00401,False
LR-SCAF00001,0083d9fe,0083d9fe,C1CCC(O[C@H]2CCNC2)CC1,C1CCC(O[C@H]2CCNC2)CC1,Bicyclic_Hetero,1,TRIM21,1,TRIM21_SCAF_43,1,LR00443,False
LR-SCAF00002,009a993d,009a993d,C1CC[C@@H]2COC[C@@H](NC[C@@H]3CCCN3)CNCCSCC2C1,C1CC[C@@H]2COC[C@@H](NC[C@@H]3CCCN3)CNCCSCC2C1,Polycyclic_Hetero,1,KEAP1,1,KEAP1_SCAF_48,1,LR00223,False
LR-SCAF00003,00b73929,00b73929,C1CCC(CN2CCCN(CC3CCCC4CCCCC43)C3CCCC[C@H]32)CC1,C1CCC(CN2CCCN(CC3CCCC4CCCCC43)C3CCCC[C@H]32)CC1,Polycyclic_Hetero,1,XIAP,1,XIAP_SCAF_8,1,LR00564,False
LR-SCAF00004,00b85fcf,00b85fcf,C1CCC(CN2CN[C@@H](C3CCCCC3)[C@@H]2[C@@H]2C3CCCCC3N[C@@H]2CN2CCCC2)CC1,C1CCC(CN2CN[C@@H](C3CCCCC3)[C@@H]2[C@@H]2C3CCCCC3N[C@@H]2CN2CCCC2)CC1,Polycyclic_Hetero,1,MDM2,1,MDM2_SCAF_56,1,LR00344,False
LR-SCAF00006,032061a8,032061a8,C1CCC(C2NCC3NNCN3[C@@H]3SCC[C@H]23)CC1,C1CCC(C2NCC3NNCN3[C@@H]3SCC[C@H]23)CC1,Polycyclic_Hetero,1,DCAF16,1,DCAF16_SCAF_1,1,LR00151,False
LR-SCAF00007,043dd9aa,043dd9aa,C1CCN(CC2CCC(SNC3CCCC4CCNC43)O2)CC1,C1CCN(CC2CCC(SNC3CCCC4CCNC43)O2)CC1,Polycyclic_Hetero,1,DCAF15,1,DCAF15_SCAF_4,1,LR00150,False
LR-SCAF00008,053d8906,053d8906,C1CC[C@H]2NCCCC2C1,C1CC[C@H]2NCCCC2C1,Bicyclic_Hetero,1,TRIM21,1,TRIM21_SCAF_39,1,LR00439,False
LR-SCAF00009,0675e058,0675e058,C1CCC([C@H]2CNC[C@@]23CNC2CCCCC23)CC1,C1CCC([C@H]2CNC[C@@]23CNC2CCCCC23)CC1,Polycyclic_Hetero,1,MDM2,1,MDM2_SCAF_23,1,LR00292,False
LR-SCAF00010,06f0bb70,06f0bb70,C1CCC(CN2CCNC2)CC1,C1CCC(CN2CCNC2)CC1,Bicyclic_Hetero,1,TRIM21,1,TRIM21_SCAF_29,1,LR00423,False
LR-SCAF00011,071ba927,071ba927,C1CCC(CNC[C@@H]2CNCC2C2CCCCC2)CC1,C1CCC(CNC[C@@H]2CNCC2C2CCCCC2)CC1,Polycyclic_Hetero,1,DCAF1,1,DCAF1_SCAF_16,1,LR00140,False
LR-SCAF00012,086ab553,086ab553,C1CNCC(C2NNC3C2CC[C@H]2CCCCC32)C1,C1CNCC(C2NNC3C2CC[C@H]2CCCCC32)C1,Polycyclic_Hetero,1,KEAP1,1,KEAP1_SCAF_11,1,LR00172,False
LR-SCAF00013,0a042f59,0a042f59,C1CCC(CC2CNC3CCN(CCN4CC[NH2+]C[C@@H]4CN4CC5CCCCC5C4)C3C2)CC1,C1CCC(CC2CNC3CCN(CCN4CC[NH2+]C[C@@H]4CN4CC5CCCCC5C4)C3C2)CC1,Polycyclic_Hetero,1,XIAP,1,XIAP_SCAF_24,1,LR00587,False
LR-SCAF00014,0b44a4fd,0b44a4fd,C1CCN(CC[C@@H]2CCNO2)C1,C1CCN(CC[C@@H]2CCNO2)C1,Bicyclic_Hetero,1,VHL,1,VHL_SCAF_8,1,LR00503,False
LR-SCAF00016,0bf24258,0bf24258,C1CCC(CC2CNC3CCN(CCN4CC[NH2+]C[C@@H]4CN4CCCC4)C3C2)CC1,C1CCC(CC2CNC3CCN(CCN4CC[NH2+]C[C@@H]4CN4CCCC4)C3C2)CC1,Polycyclic_Hetero,1,XIAP,1,XIAP_SCAF_22,1,LR00583,False
LR-SCAF00018,0c3aa7a7,0c3aa7a7,C1CCC(C2N[C@@H](C3NNNN3)[C@H](C3CCCCC3)N2C2CCCCC2)CC1,C1CCC(C2N[C@@H](C3NNNN3)[C@H](C3CCCCC3)N2C2CCCCC2)CC1,Polycyclic_Hetero,1,MDM2,1,MDM2_SCAF_57,1,LR00345,False
LR-SCAF00019,0c44a538,0c44a538,C1CCC(C2NCN(CN3CCNCC3)C2C2CCCCC2)CC1,C1CCC(C2NCN(CN3CCNCC3)C2C2CCCCC2)CC1,Polycyclic_Hetero,1,MDM2,1,MDM2_SCAF_20,1,LR00286,False
LR-SCAF00021,0ccf5625,0ccf5625,C1CCC([C@H]2C3CCCCC3CCN2C2CCC(NCC3CCNCC3)CC2)CC1,C1CCC([C@H]2C3CCCCC3CCN2C2CCC(NCC3CCNCC3)CC2)CC1,Polycyclic_Hetero,1,MDM2,1,MDM2_SCAF_42,1,LR00317,False
LR-SCAF00024,0da27555,0da27555,C1CCC(NC[C@@H]2NC[C@@]3(CNC4CCSC43)[C@H]2C2CCCCC2)CC1,C1CCC(NC[C@@H]2NC[C@@]3(CNC4CCSC43)[C@H]2C2CCCCC2)CC1,Polycyclic_Hetero,1,MDM2,1,MDM2_SCAF_27,1,LR00296,False
LR-SCAF00026,0e582485,0e582485,C1CCC(CC2CC3C(CCN3CCN3CC[NH2+]CC3)CN2)CC1,C1CCC(CC2CC3C(CCN3CCN3CC[NH2+]CC3)CN2)CC1,Polycyclic_Hetero,1,XIAP,1,XIAP_SCAF_18,1,LR00577,False
LR-SCAF00027,0ee46d59,0ee46d59,C1CNC[C@@H](N2CC3C4OCC5(CCNCC5)C4CC[C@@H]3C2)C1,C1CNC[C@@H](N2CC3C4OCC5(CCNCC5)C4CC[C@@H]3C2)C1,Polycyclic_Hetero,1,CRBN,1,CRBN_SCAF_37,1,LR00105,False
LR-SCAF00029,0faf60ca,0faf60ca,C1CNCC(CNCC2CC2)C1,C1CNCC(CNCC2CC2)C1,Bicyclic_Hetero,1,TRIM21,1,TRIM21_SCAF_51,1,LR00456,False
LR-SCAF00030,0fbb2ced,0fbb2ced,C1CCCC(NCCOC2CCC3CCCCC3C2)CC1,C1CCCC(NCCOC2CCC3CCCCC3C2)CC1,Polycyclic_Hetero,1,KEAP1,1,KEAP1_SCAF_65,1,LR00243,False
LR-SCAF00032,12507afe,12507afe,C1CCC([C@@H](CCN2CCCC2)NC2NN[C@@H]([C@@H]3CNC4CCCCC43)O2)NC1,C1CCC([C@@H](CCN2CCCC2)NC2NN[C@@H]([C@@H]3CNC4CCCCC43)O2)NC1,Polycyclic_Hetero,1,CHIP,1,CHIP_SCAF_2,1,LR00002,False
LR-SCAF00033,12b930c3,12b930c3,C1CCC(CN2CCC[C@H]2CNCC2CCC([C@H]3CNCS3)CC2)CC1,C1CCC(CN2CCC[C@H]2CNCC2CCC([C@H]3CNCS3)CC2)CC1,Polycyclic_Hetero,1,VHL,1,VHL_SCAF_6,1,LR00501,False
LR-SCAF00034,13116fd1,13116fd1,C1CCC2CN([C@H]3CCNC3)CC2C1,C1CCC2CN([C@H]3CCNC3)CC2C1,Polycyclic_Hetero,1,CRBN,1,CRBN_SCAF_8,1,LR00031,False
LR-SCAF00036,14f6f8f5,14f6f8f5,C1CC[C@@H]2CCC3CNCNC3C2C1,C1CC[C@@H]2CCC3CNCNC3C2C1,Polycyclic_Hetero,1,KEAP1,1,KEAP1_SCAF_10,1,LR00171,False
LR-SCAF00037,1511e832,1511e832,CC(C)[C@H](NC(O)[C@H](C)[NH3+])C(N)O,,Acyclic,1,XIAP,1,XIAP_SCAF_1511e832,1,LR00569,False
LR-SCAF00038,15b30740,15b30740,C1CCC2(CCCC2)OC1,C1CCC2(CCCC2)OC1,Bicyclic_Hetero,1,TRIM21,1,TRIM21_SCAF_68,1,LR00473,False
LR-SCAF00039,169d2e4b,169d2e4b,C1C[C@@H](CNCC2CCC([C@H]3CNCS3)CC2)N(CCNCC2CC2)C1,C1C[C@@H](CNCC2CCC([C@H]3CNCS3)CC2)N(CCNCC2CC2)C1,Polycyclic_Hetero,1,VHL,1,VHL_SCAF_17,1,LR00529,False
LR-SCAF00041,178aadff,178aadff,C1C[C@@H](CNCC2CCC(C3CNCS3)CC2)N(C[C@H](CSC[C@H]2CC[C@H](CN3CCOCC3)CC2)NCC2CC2)C1,C1C[C@@H](CNCC2CCC(C3CNCS3)CC2)N(C[C@H](CSC[C@H]2CC[C@H](CN3CCOCC3)CC2)NCC2CC2)C1,Polycyclic_Hetero,1,VHL,1,VHL_SCAF_29,1,LR00545,False
LR-SCAF00042,1abbb07f,1abbb07f,C1CCN(CC2CCCC(C3CCCC(N4NCCC4[C@@H]4C[C@H]4C4CNNN4)C3)C2)CC1,C1CCN(CC2CCCC(C3CCCC(N4NCCC4[C@@H]4C[C@H]4C4CNNN4)C3)C2)CC1,Polycyclic_Hetero,1,KEAP1,1,KEAP1_SCAF_47,1,LR00222,False
LR-SCAF00043,1bd1f33b,1bd1f33b,CCOCCOCC.COCCOCCOCCO,,Acyclic,1,XIAP,1,XIAP_SCAF_1bd1f33b,1,LR00588,False
LR-SCAF00044,1cb86c8a,1cb86c8a,C1CCC(CN2CCOCC2)CC1,C1CCC(CN2CCOCC2)CC1,Bicyclic_Hetero,1,TRIM21,1,TRIM21_SCAF_62,1,LR00467,False
LR-SCAF00045,1f579ed4,1f579ed4,C1CCC(CCN2C[C@H]3C[C@@H]4C[C@@H]4N3C[C@H]2CN[C@@H]2CCOC3CCCCC32)CC1,C1CCC(CCN2C[C@H]3C[C@@H]4C[C@@H]4N3C[C@H]2CN[C@@H]2CCOC3CCCCC32)CC1,Polycyclic_Hetero,1,cIAP1,1,cIAP1_SCAF_7,1,LR00597,False
LR-SCAF00046,1fad0399,1fad0399,C1CCC(CN2CCC3CCC(CC4CCC5NNNC5C4)CC3C2)CC1,C1CCC(CN2CCC3CCC(CC4CCC5NNNC5C4)CC3C2)CC1,Polycyclic_Hetero,1,KEAP1,1,KEAP1_SCAF_23,1,LR00193,False
LR-SCAF00047,1fbf69f8,1fbf69f8,C1CCC2C(CCNC[C@@H]3CCCN3CC3COCN3)CNC2C1,C1CCC2C(CCNC[C@@H]3CCCN3CC3COCN3)CNC2C1,Polycyclic_Hetero,1,XIAP,1,XIAP_SCAF_4,1,LR00557,False
LR-SCAF00048,212e4828,212e4828,C1CCC([C@H]2CCN[C@@]23CNC2CCCCC23)CC1,C1CCC([C@H]2CCN[C@@]23CNC2CCCCC23)CC1,Polycyclic_Hetero,1,MDM2,1,MDM2_SCAF_45,1,LR00323,False
LR-SCAF00049,24459e25,24459e25,C1CCC(SNC2CCCC(N3NCCC3C3CC3)C2)CC1,C1CCC(SNC2CCCC(N3NCCC3C3CC3)C2)CC1,Polycyclic_Hetero,1,KEAP1,1,KEAP1_SCAF_32,1,LR00202,False
LR-SCAF00050,25ff9195,25ff9195,C1CCC2SC3CCCCC3NC2C1,C1CCC2SC3CCCCC3NC2C1,Polycyclic_Hetero,1,TRIM21,1,TRIM21_SCAF_72,1,LR00485,False
LR-SCAF00052,2791a328,2791a328,C1CC2COC[C@@H](NC[C@@H]3CCCN3)CNCCSCC2C(C2CCCC3NONC32)C1,C1CC2COC[C@@H](NC[C@@H]3CCCN3)CNCCSCC2C(C2CCCC3NONC32)C1,Polycyclic_Hetero,1,KEAP1,1,KEAP1_SCAF_50,1,LR00225,False
LR-SCAF00054,2a117df0,2a117df0,C1C[C@@H](CNCC2CCC(C3CNCS3)CC2)N(CC[C@@H]2CCNO2)C1,C1C[C@@H](CNCC2CCC(C3CNCS3)CC2)N(CC[C@@H]2CCNO2)C1,Polycyclic_Hetero,1,VHL,1,VHL_SCAF_19,1,LR00532,False
LR-SCAF00055,2b3918c7,2b3918c7,C1CCC(NCCOC2CCCC(N3CCCCC3)C2)CC1,C1CCC(NCCOC2CCCC(N3CCCCC3)C2)CC1,Polycyclic_Hetero,1,KEAP1,1,KEAP1_SCAF_64,1,LR00242,False
LR-SCAF00057,2bcd9a35,2bcd9a35,C1C[C@@H](CNCC2CCC([C@H]3CNCS3)CC2)N(CC[C@@H]2CCNO2)C1,C1C[C@@H](CNCC2CCC([C@H]3CNCS3)CC2)N(CC[C@@H]2CCNO2)C1,Polycyclic_Hetero,1,VHL,1,VHL_SCAF_26,1,LR00541,False
LR-SCAF00058,2bf86e3e,2bf86e3e,CC(C)C[C@H](N)CNCO,,Acyclic,1,MDM2,1,MDM2_SCAF_2bf86e3e,1,LR00373,False
LR-SCAF00059,2d9e0be4,2d9e0be4,C1CC(N2[C@@H]3CC[C@H]2COC3)C[C@@H]([C@H]2CCCC3CN(CC4CCC(N5CC6(CCC6)C5)CC4)COC32)C1,C1CC(N2[C@@H]3CC[C@H]2COC3)C[C@@H]([C@H]2CCCC3CN(CC4CCC(N5CC6(CCC6)C5)CC4)COC32)C1,Polycyclic_Hetero,1,KEAP1,1,KEAP1_SCAF_71,1,LR00250,False
LR-SCAF00060,2dd93745,2dd93745,C1CNC[C@@H](N2CC([C@H]3CCSC3)NN2)C1,C1CNC[C@@H](N2CC([C@H]3CCSC3)NN2)C1,Polycyclic_Hetero,1,CRBN,1,CRBN_SCAF_35,1,LR00103,False
LR-SCAF00061,2ddaaf80,2ddaaf80,C1C[C@@H](CNCC2CCC(C3CNCS3)CC2)N(CCN2CC(C3CC3)NN2)C1,C1C[C@@H](CNCC2CCC(C3CNCS3)CC2)N(CCN2CC(C3CC3)NN2)C1,Polycyclic_Hetero,1,VHL,1,VHL_SCAF_27,1,LR00543,False
LR-SCAF00062,2f999cf2,2f999cf2,C1CCC(CN2CNC3CC([C@H]4NCON4)NC(C4CCCNC4)C32)CC1,C1CCC(CN2CNC3CC([C@H]4NCON4)NC(C4CCCNC4)C32)CC1,Polycyclic_Hetero,1,MDM2,1,MDM2_SCAF_67,1,LR00364,False
LR-SCAF00063,3091a07a,3091a07a,C1CCC(N2CCCC2)CC1,C1CCC(N2CCCC2)CC1,Bicyclic_Hetero,1,VHL,1,VHL_SCAF_16,1,LR00528,False
LR-SCAF00064,31cd49bd,31cd49bd,C1CNC2[C@H](CNC3CC3)CNN2C1,C1CNC2[C@H](CNC3CC3)CNN2C1,Polycyclic_Hetero,1,TRIM21,1,TRIM21_SCAF_10,1,LR00396,False
LR-SCAF00065,327c8c7c,327c8c7c,C1CCC(COC2C[C@@H](NSC3CCCCC3)CC[C@H]2NSC2CCCCC2)CC1,C1CCC(COC2C[C@@H](NSC3CCCCC3)CC[C@H]2NSC2CCCCC2)CC1,Polycyclic_Hetero,1,KEAP1,1,KEAP1_SCAF_19,1,LR00182,False
LR-SCAF00066,32fb4803,32fb4803,C1CNC2NCNN2C1,C1CNC2NCNN2C1,Bicyclic_Hetero,1,TRIM21,1,TRIM21_SCAF_1,1,LR00387,False
LR-SCAF00068,33529d62,33529d62,C1CCC(N2CC3CCCCC3NC2CN2CCNCC2)CC1,C1CCC(N2CC3CCCCC3NC2CN2CCNCC2)CC1,Polycyclic_Hetero,1,TRIM21,1,TRIM21_SCAF_73,1,LR00486,False
LR-SCAF00070,34ce397c,34ce397c,C1CCC(CCNCC2CCC3CN([C@H]4CCCNC4)CC3C2)CC1,C1CCC(CCNCC2CCC3CN([C@H]4CCCNC4)CC3C2)CC1,Polycyclic_Hetero,1,CRBN,1,CRBN_SCAF_11,1,LR00043,False
LR-SCAF00071,355b794b,355b794b,C1CCN([C@H]2NNCS2)CC1,C1CCN([C@H]2NNCS2)CC1,Bicyclic_Hetero,1,TRIM21,1,TRIM21_SCAF_59,1,LR00464,False
LR-SCAF00072,35770470,35770470,C1CCC([C@H]2[C@@H]3NC(C4CNCNC4)NC3CN2C2CCCNC2)CC1,C1CCC([C@H]2[C@@H]3NC(C4CNCNC4)NC3CN2C2CCCNC2)CC1,Polycyclic_Hetero,1,MDM2,1,MDM2_SCAF_50,1,LR00329,False
LR-SCAF00073,3601580f,3601580f,C1NCC(C2NCCS2)N1,C1NCC(C2NCCS2)N1,Bicyclic_Hetero,1,TRIM21,1,TRIM21_SCAF_34,1,LR00432,False
LR-SCAF00074,365c2417,365c2417,C1CC[C@@H](N2CCC[C@H](CNCC3CCC([C@H]4CNCS4)CC3)C2)NC1,C1CC[C@@H](N2CCC[C@H](CNCC3CCC([C@H]4CNCS4)CC3)C2)NC1,Polycyclic_Hetero,1,VHL,1,VHL_SCAF_23,1,LR00538,False
LR-SCAF00076,37069af6,37069af6,C1CCC([C@H]2CN[C@@H](C3CCCCC3)N2C2CCCCC2)CC1,C1CCC([C@H]2CN[C@@H](C3CCCCC3)N2C2CCCCC2)CC1,Polycyclic_Hetero,1,MDM2,1,MDM2_SCAF_35,1,LR00309,False
LR-SCAF00077,373a41fe,373a41fe,C1CCC(N2NCC[C@H]2C2CC2)CC1,C1CCC(N2NCC[C@H]2C2CC2)CC1,Polycyclic_Hetero,1,KEAP1,1,KEAP1_SCAF_27,1,LR00197,False
LR-SCAF00078,37b3cd5b,37b3cd5b,C1CCC([C@H]2[C@H]3[C@H](CC4C5CCCCC5NN43)N(CC3CC3)[C@@]23CNC2CCCCC23)CC1,C1CCC([C@H]2[C@H]3[C@H](CC4C5CCCCC5NN43)N(CC3CC3)[C@@]23CNC2CCCCC23)CC1,Polycyclic_Hetero,1,MDM2,1,MDM2_SCAF_70,1,LR00372,False
LR-SCAF00079,37d997fe,37d997fe,C1CCC(CCN2C[C@H]3CCCN3C[C@H]2CN[C@@H]2CCCC3CCCCC32)CC1,C1CCC(CCN2C[C@H]3CCCN3C[C@H]2CN[C@@H]2CCCC3CCCCC32)CC1,Polycyclic_Hetero,1,cIAP1,1,cIAP1_SCAF_5,1,LR00595,False
LR-SCAF00083,3ceaa0de,3ceaa0de,C1CCC([C@@H]2CN(NC[C@H]3CNC4CCCCC43)CN2)CC1,C1CCC([C@@H]2CN(NC[C@H]3CNC4CCCCC43)CN2)CC1,Polycyclic_Hetero,1,CHIP,1,CHIP_SCAF_3,1,LR00003,False
LR-SCAF00084,3dcd0ae8,3dcd0ae8,C1CCC(CNCC2CCCC3CC4CCCCC4C23)CC1,C1CCC(CNCC2CCCC3CC4CCCCC4C23)CC1,Polycyclic_Hetero,1,KEAP1,1,KEAP1_SCAF_42,1,LR00215,False
LR-SCAF00085,3e761c10,3e761c10,C1CCC(SNC2NC[C@H](NSC3CCCCC3)C3CCCC[C@H]23)CC1,C1CCC(SNC2NC[C@H](NSC3CCCCC3)C3CCCC[C@H]23)CC1,Polycyclic_Hetero,1,KEAP1,1,KEAP1_SCAF_24,1,LR00194,False
LR-SCAF00086,3f56c184,3f56c184,C1CCC(CN2CNC(C3CCCCC3)[C@@H]2[C@H]2CNC3CCCCC32)CC1,C1CCC(CN2CNC(C3CCCCC3)[C@@H]2[C@H]2CNC3CCCCC32)CC1,Polycyclic_Hetero,1,MDM2,1,MDM2_SCAF_8,1,LR00269,False
LR-SCAF00087,3fb6ede7,3fb6ede7,C1CCC([C@H]2C3CCCCC3CCN2C2CCC(NC[C@H]3CC[C@H](N4CCNCC4)CC3)CC2)CC1,C1CCC([C@H]2C3CCCCC3CCN2C2CCC(NC[C@H]3CC[C@H](N4CCNCC4)CC3)CC2)CC1,Polycyclic_Hetero,1,MDM2,1,MDM2_SCAF_41,1,LR00316,False
LR-SCAF00089,40f65361,40f65361,C1CCC(COC2CCC([C@@]34CN3C4[C@H]3CNC4CCCCC43)CC2)CC1,C1CCC(COC2CCC([C@@]34CN3C4[C@H]3CNC4CCCCC43)CC2)CC1,Polycyclic_Hetero,1,MDM2,1,MDM2_SCAF_28,1,LR00297,False
LR-SCAF00090,413c3ba4,413c3ba4,C1CCC(C2NC(C3CCCCC3)C(C3CCCCC3)N2)CC1,C1CCC(C2NC(C3CCCCC3)C(C3CCCCC3)N2)CC1,Polycyclic_Hetero,1,MDM2,1,MDM2_SCAF_19,1,LR00285,False
LR-SCAF00092,4168d13e,4168d13e,C1CCC(C(C2CCCCC2)N2CCC2)CC1,C1CCC(C(C2CCCCC2)N2CCC2)CC1,Polycyclic_Hetero,1,TRIM21,1,TRIM21_SCAF_5,1,LR00391,False
LR-SCAF00094,41e54732,41e54732,C1CCC(C2CCCCC2)CC1,C1CCC(C2CCCCC2)CC1,Bicyclic,1,TRIM21,1,TRIM21_SCAF_41,1,LR00441,False
LR-SCAF00095,4201b5e7,4201b5e7,C1CC(C2NCNO2)CCN1,C1CC(C2NCNO2)CCN1,Bicyclic_Hetero,1,TRIM21,1,TRIM21_SCAF_31,1,LR00427,False
LR-SCAF00096,44341e76,44341e76,C1CCC(CC2CNC3CCN(CCN4CC[NH2+]CC4)C3C2)CC1,C1CCC(CC2CNC3CCN(CCN4CC[NH2+]CC4)C3C2)CC1,Polycyclic_Hetero,1,XIAP,1,XIAP_SCAF_20,1,LR00580,False
LR-SCAF00099,45d0eae5,45d0eae5,C1CCC2N[C@@H](CNCCN[C@H]3CC[C@@H](C4NC5CCCCC5N4)CC3)CC2C1,C1CCC2N[C@@H](CNCCN[C@H]3CC[C@@H](C4NC5CCCCC5N4)CC3)CC2C1,Polycyclic_Hetero,1,GID4,1,GID4_SCAF_1,1,LR00152,False
LR-SCAF00102,47ad247e,47ad247e,C1CN[C@H](CNCC2CCC([C@H]3CNCS3)CC2)C1,C1CN[C@H](CNCC2CCC([C@H]3CNCS3)CC2)C1,Polycyclic_Hetero,1,VHL,1,VHL_SCAF_11,1,LR00511,False
LR-SCAF00103,4854b51b,4854b51b,C1CCC(C[C@@]2([C@H]3CCCNC3)CNC3CCCCC32)CC1,C1CCC(C[C@@]2([C@H]3CCCNC3)CNC3CCCCC32)CC1,Polycyclic_Hetero,1,MDM2,1,MDM2_SCAF_25,1,LR00294,False
LR-SCAF00106,4af46abe,4af46abe,C1CCC(CN2CC3NC(C4CNCNC4)NC3[C@@H]2C2CCCCC2)CC1,C1CCC(CN2CC3NC(C4CNCNC4)NC3[C@@H]2C2CCCCC2)CC1,Polycyclic_Hetero,1,MDM2,1,MDM2_SCAF_59,1,LR00348,False
LR-SCAF00107,4c4bef8e,4c4bef8e,C1COC(CN2CCNCC2)C1,C1COC(CN2CCNCC2)C1,Bicyclic_Hetero,1,TRIM21,1,TRIM21_SCAF_48,1,LR00450,False
LR-SCAF00108,4c5b1339,4c5b1339,C1CCC(CNCC2CNC(CCCN3CCCCC3)C2C2CCCCC2)CC1,C1CCC(CNCC2CNC(CCCN3CCCCC3)C2C2CCCCC2)CC1,Polycyclic_Hetero,1,DCAF1,1,DCAF1_SCAF_15,1,LR00139,False
LR-SCAF00109,4cab11d7,4cab11d7,C1CCC(CNCC2CCC(C3CCCCC3)CC2)CC1,C1CCC(CNCC2CCC(C3CCCCC3)CC2)CC1,Polycyclic_Hetero,1,TRIM21,1,TRIM21_SCAF_78,1,LR00492,False
LR-SCAF00110,4d6e1598,4d6e1598,C1CCC2C(C1)C1NNN[C@@H]1C1CCCCC1[C@@H]1NNNC21,C1CCC2C(C1)C1NNN[C@@H]1C1CCCCC1[C@@H]1NNNC21,Polycyclic_Hetero,1,MDM2,1,MDM2_SCAF_43,1,LR00319,False
LR-SCAF00111,4d932007,4d932007,C1CNN(C2CC[NH2+]CC2)C1,C1CNN(C2CC[NH2+]CC2)C1,Bicyclic_Hetero,1,XIAP,1,XIAP_SCAF_12,1,LR00570,False
LR-SCAF00112,5071bba5,5071bba5,C1CCC([C@H]2C3CN(C4CCCCC4)NC3CN2C2CCCCC2)CC1,C1CCC([C@H]2C3CN(C4CCCCC4)NC3CN2C2CCCCC2)CC1,Polycyclic_Hetero,1,MDM2,1,MDM2_SCAF_49,1,LR00327,False
LR-SCAF00113,50e510ac,50e510ac,C1CC2CC(C3CSCN3)CCC2N1,C1CC2CC(C3CSCN3)CCC2N1,Polycyclic_Hetero,1,TRIM24,1,TRIM24_SCAF_1,1,LR00493,False
LR-SCAF00116,53403914,53403914,C1CC2CN([C@H]3CCCNC3)CC2C(NCC2CCC(CN3CC(N4CCOCC4)C3)CC2)C1,C1CC2CN([C@H]3CCCNC3)CC2C(NCC2CCC(CN3CC(N4CCOCC4)C3)CC2)C1,Polycyclic_Hetero,1,CRBN,1,CRBN_SCAF_44,1,LR00113,False
LR-SCAF00117,53e91f1f,53e91f1f,C1CNC[C@@H](N2CC3CCC(N4[C@@H]5CCC[C@H]4CC5)CC3C2)C1,C1CNC[C@@H](N2CC3CCC(N4[C@@H]5CCC[C@H]4CC5)CC3C2)C1,Polycyclic_Hetero,1,CRBN,1,CRBN_SCAF_32,1,LR00100,False
LR-SCAF00118,5429c8b4,5429c8b4,C1CCC(SN[C@H]2CC[C@@H](NSC3CCCCC3)C3CCCCC32)CC1,C1CCC(SN[C@H]2CC[C@@H](NSC3CCCCC3)C3CCCCC32)CC1,Polycyclic_Hetero,1,KEAP1,1,KEAP1_SCAF_5,1,LR00164,False
LR-SCAF00120,546ff65b,546ff65b,C1COC(CN2CCSCC2)C1,C1COC(CN2CCSCC2)C1,Bicyclic_Hetero,1,TRIM21,1,TRIM21_SCAF_54,1,LR00459,False
LR-SCAF00121,553161db,553161db,C1CCC(CNC[C@@H]2CNNC2C2CCCCC2)CC1,C1CCC(CNC[C@@H]2CNNC2C2CCCCC2)CC1,Polycyclic_Hetero,1,DCAF1,1,DCAF1_SCAF_3,1,LR00119,False
LR-SCAF00122,55516ce1,55516ce1,C1C[C@@H](CNCC2CCC(C3CNCS3)CC2)N(CCNCC2COC2)C1,C1C[C@@H](CNCC2CCC(C3CNCS3)CC2)N(CCNCC2COC2)C1,Polycyclic_Hetero,1,VHL,1,VHL_SCAF_15,1,LR00522,False
LR-SCAF00123,561ef090,561ef090,C1CCC(SN[C@H]2CCCC(N3NCCC3[C@H]3C[C@@H]3C3CCCCC3)C2)CC1,C1CCC(SN[C@H]2CCCC(N3NCCC3[C@H]3C[C@@H]3C3CCCCC3)C2)CC1,Polycyclic_Hetero,1,KEAP1,1,KEAP1_SCAF_37,1,LR00208,False
LR-SCAF00125,56acc5a7,56acc5a7,C1CCC(SNC2CCC(NSC3CCCCC3)C3CCCCC23)CC1,C1CCC(SNC2CCC(NSC3CCCCC3)C3CCCCC23)CC1,Polycyclic_Hetero,1,KEAP1,1,KEAP1_SCAF_7,1,LR00168,False
LR-SCAF00126,5999df73,5999df73,C1CCC(CCN2CCCCC2)CC1,C1CCC(CCN2CCCCC2)CC1,Bicyclic_Hetero,1,TRIM21,1,TRIM21_SCAF_42,1,LR00442,False
LR-SCAF00127,59a4b7b9,59a4b7b9,C1CCC(CN2C(CC3CC3)NC3C[C@@H]([C@H]4NCON4)NC(C4CCCNC4)C32)CC1,C1CCC(CN2C(CC3CC3)NC3C[C@@H]([C@H]4NCON4)NC(C4CCCNC4)C32)CC1,Polycyclic_Hetero,1,MDM2,1,MDM2_SCAF_68,1,LR00365,False
LR-SCAF00128,59b05290,59b05290,C1CC2CC([C@@H]3CNCS3)CCC2[C@@H](NC[C@@H]2CCCN2CCNCC2CC2)C1,C1CC2CC([C@@H]3CNCS3)CCC2[C@@H](NC[C@@H]2CCCN2CCNCC2CC2)C1,Polycyclic_Hetero,1,VHL,1,VHL_SCAF_22,1,LR00535,False
LR-SCAF00129,5af33132,5af33132,C1CCC(CNC[C@@H]2CCCN2CC2CCCCC2)CC1,C1CCC(CNC[C@@H]2CCCN2CC2CCCCC2)CC1,Polycyclic_Hetero,1,VHL,1,VHL_SCAF_5,1,LR00500,False
LR-SCAF00130,5b1cfc5b,5b1cfc5b,C1CCC(SN[C@H]2CCC[C@@H](N3NCC[C@@H]3[C@H]3C[C@@H]3C3CCCCC3)C2)CC1,C1CCC(SN[C@H]2CCC[C@@H](N3NCC[C@@H]3[C@H]3C[C@@H]3C3CCCCC3)C2)CC1,Polycyclic_Hetero,1,KEAP1,1,KEAP1_SCAF_36,1,LR00206,False
LR-SCAF00132,5da7ed6d,5da7ed6d,C1CCC(COCN[C@H]2CCNC2)CC1,C1CCC(COCN[C@H]2CCNC2)CC1,Bicyclic_Hetero,1,CRBN,1,CRBN_SCAF_9,1,LR00038,False
LR-SCAF00133,5dc0c122,5dc0c122,C1CC[C@H]2C(C1)[C@H]1CC[C@@H]2CN1,C1CC[C@H]2C(C1)[C@H]1CC[C@@H]2CN1,Polycyclic_Hetero,1,TRIM21,1,TRIM21_SCAF_8,1,LR00394,False
LR-SCAF00134,5e762187,5e762187,C1CCC(N2CC[C@H](NCC3CNC4CCCCC34)C2)CC1,C1CCC(N2CC[C@H](NCC3CNC4CCCCC34)C2)CC1,Polycyclic_Hetero,1,MDM2,1,MDM2_SCAF_60,1,LR00349,False
LR-SCAF00135,5f481d92,5f481d92,C1CCC(C2NNC[C@@H]2CN[C@H]2C[C@@H](C3CCCCC3)C2)CC1,C1CCC(C2NNC[C@@H]2CN[C@H]2C[C@@H](C3CCCCC3)C2)CC1,Polycyclic_Hetero,1,TRIM21,1,TRIM21_SCAF_74,1,LR00487,False
LR-SCAF00136,5f5a5983,5f5a5983,C1CCC(CCN2CCC[C@H]2C2NC(CC3CCCCC3)CS2)CC1,C1CCC(CCN2CCC[C@H]2C2NC(CC3CCCCC3)CS2)CC1,Polycyclic_Hetero,1,cIAP1,1,cIAP1_SCAF_11,1,LR00603,False
LR-SCAF00137,60105a36,60105a36,C(CCCCNCCN[C@H]1CCCNC1)CCCCNCC[C@@H]1N[C@@H](C2CCCCC2)C2CCS[C@H]2N2CNN[C@@H]12,C(CCCCNCCN[C@H]1CCCNC1)CCCCNCC[C@@H]1N[C@@H](C2CCCCC2)C2CCS[C@H]2N2CNN[C@@H]12,Polycyclic_Hetero,1,CRBN,1,CRBN_SCAF_43,1,LR00112,False
LR-SCAF00138,60206d7e,60206d7e,C1CCC(C2NC3S[C@@H](CN4CCC[C@H]4CN4CCNCC4)CN3[C@@H]2C2CCCCC2)CC1,C1CCC(C2NC3S[C@@H](CN4CCC[C@H]4CN4CCNCC4)CN3[C@@H]2C2CCCCC2)CC1,Polycyclic_Hetero,1,MDM2,1,MDM2_SCAF_14,1,LR00276,False
LR-SCAF00139,602da2b8,602da2b8,C1CCC(C2NC3S[C@@H](CN4CCCC4)CN3[C@@H]2C2CCCCC2)CC1,C1CCC(C2NC3S[C@@H](CN4CCCC4)CN3[C@@H]2C2CCCCC2)CC1,Polycyclic_Hetero,1,MDM2,1,MDM2_SCAF_13,1,LR00275,False
LR-SCAF00140,626f25b5,626f25b5,C1CCC(CNCC[C@H]2CC[C@H]3CC[C@@H](CNC(C4CCCCC4)C4CCCCC4)N3CC2)CC1,C1CCC(CNCC[C@H]2CC[C@H]3CC[C@@H](CNC(C4CCCCC4)C4CCCCC4)N3CC2)CC1,Polycyclic_Hetero,1,cIAP1,1,cIAP1_SCAF_2,1,LR00592,False
LR-SCAF00141,62e8bf8e,62e8bf8e,C1CCC([C@H]2CCCC3COC[C@@H](NC[C@@H]4CCCN4)CNCCSCC32)CC1,C1CCC([C@H]2CCCC3COC[C@@H](NC[C@@H]4CCCN4)CNCCSCC32)CC1,Polycyclic_Hetero,1,KEAP1,1,KEAP1_SCAF_52,1,LR00227,False
LR-SCAF00142,6317954b,6317954b,C1CCC(CN2CCC3(CC2)COC2[C@H]3CC[C@@H]3CN([C@H]4CCCNC4)C[C@@H]23)CC1,C1CCC(CN2CCC3(CC2)COC2[C@H]3CC[C@@H]3CN([C@H]4CCCNC4)C[C@@H]23)CC1,Polycyclic_Hetero,1,CRBN,1,CRBN_SCAF_28,1,LR00092,False
LR-SCAF00143,6367056e,6367056e,C1CCC([C@H]2NCCO[C@H]2C2CCCCC2)CC1,C1CCC([C@H]2NCCO[C@H]2C2CCCCC2)CC1,Polycyclic_Hetero,1,MDM2,1,MDM2_SCAF_24,1,LR00293,False
LR-SCAF00144,650cd44b,650cd44b,C1C[C@@H]2CNC[C@@H]2C1,C1C[C@@H]2CNC[C@@H]2C1,Bicyclic_Hetero,1,TRIM21,1,TRIM21_SCAF_66,1,LR00471,False
LR-SCAF00145,663967fd,663967fd,C1CCC(C2(C3NCC4CCC(N5CCNCC5)CC4N3)CC2)CC1,C1CCC(C2(C3NCC4CCC(N5CCNCC5)CC4N3)CC2)CC1,Polycyclic_Hetero,1,DCAF1,1,DCAF1_SCAF_9,1,LR00131,False
LR-SCAF00147,67641f8b,67641f8b,C1CCC([C@H]2O[C@H]3CCCCC3C3NC4NCNN4[C@@H](C4CCCCC4)C32)CC1,C1CCC([C@H]2O[C@H]3CCCCC3C3NC4NCNN4[C@@H](C4CCCCC4)C32)CC1,Polycyclic_Hetero,1,MDM2,1,MDM2_SCAF_6,1,LR00266,False
LR-SCAF00148,6b18dffe,6b18dffe,C1CO[C@@H](CNCC2CCNN2)C1,C1CO[C@@H](CNCC2CCNN2)C1,Bicyclic_Hetero,1,TRIM21,1,TRIM21_SCAF_55,1,LR00460,False
LR-SCAF00149,6b26f3cb,6b26f3cb,C1CCC(CN2CNC(C3CCCCC3)C2[C@H]2C(CNCCN3CCN(C4CCCCC4)CC3)NC3CCCCC32)CC1,C1CCC(CN2CNC(C3CCCCC3)C2[C@H]2C(CNCCN3CCN(C4CCCCC4)CC3)NC3CCCCC32)CC1,Polycyclic_Hetero,1,MDM2,1,MDM2_SCAF_58,1,LR00346,False
LR-SCAF00151,6f5e9f96,6f5e9f96,C1CNC[C@H](OC2CCC3CN([C@H]4CCCNC4)CC3C2)C1,C1CNC[C@H](OC2CCC3CN([C@H]4CCCNC4)CC3C2)C1,Polycyclic_Hetero,1,CRBN,1,CRBN_SCAF_27,1,LR00091,False
LR-SCAF00152,70532317,70532317,C1CCN(CCNC2NCCS2)C1,C1CCN(CCNC2NCCS2)C1,Bicyclic_Hetero,1,TRIM21,1,TRIM21_SCAF_18,1,LR00407,False
LR-SCAF00153,70c32d6f,70c32d6f,C1CCC([C@@H]2C[C@@H](CNCCC3CCNCC3)N(CCCC3CCCO3)C2)CC1,C1CCC([C@@H]2C[C@@H](CNCCC3CCNCC3)N(CCCC3CCCO3)C2)CC1,Polycyclic_Hetero,1,TRIM21,1,TRIM21_SCAF_77,1,LR00490,False
LR-SCAF00154,71cbbeb3,71cbbeb3,C1CCC2NCN([C@H]3CCCNC3)CC2C1,C1CCC2NCN([C@H]3CCCNC3)CC2C1,Polycyclic_Hetero,1,CRBN,1,CRBN_SCAF_14,1,LR00049,False
LR-SCAF00155,71e77d66,71e77d66,C1CCC(CNCC2CNC3CCCCC23)CC1,C1CCC(CNCC2CNC3CCCCC23)CC1,Polycyclic_Hetero,1,MDM2,1,MDM2_SCAF_10,1,LR00271,False
LR-SCAF00156,732bbfed,732bbfed,C1CS[C@@H](CN2CCNCC2)C1,C1CS[C@@H](CN2CCNCC2)C1,Bicyclic_Hetero,1,TRIM21,1,TRIM21_SCAF_63,1,LR00468,False
LR-SCAF00158,7484f9ab,7484f9ab,C1CCC(SN[C@H]2CCC[C@H](N3NCC[C@H]3C3CC3)C2)CC1,C1CCC(SN[C@H]2CCC[C@H](N3NCC[C@H]3C3CC3)C2)CC1,Polycyclic_Hetero,1,KEAP1,1,KEAP1_SCAF_31,1,LR00201,False
LR-SCAF00159,74f865b6,74f865b6,C1CN(CC2CNSN2)CCO1,C1CN(CC2CNSN2)CCO1,Bicyclic_Hetero,1,TRIM21,1,TRIM21_SCAF_60,1,LR00465,False
LR-SCAF00160,76042db5,76042db5,C1CCC(SN[C@@H]2CCCC(N3NCCC3C3CC3)C2)CC1,C1CCC(SN[C@@H]2CCCC(N3NCCC3C3CC3)C2)CC1,Polycyclic_Hetero,1,KEAP1,1,KEAP1_SCAF_28,1,LR00198,False
LR-SCAF00161,760ab01a,760ab01a,CC(C)C[C@@H](CO)N[C@@H](C)O,,Acyclic,1,MDM2,1,MDM2_SCAF_760ab01a,1,LR00318,False
LR-SCAF00162,76cf83bf,76cf83bf,C1CCC([C@H]2C3CNNC3CN2C2CCCCC2)CC1,C1CCC([C@H]2C3CNNC3CN2C2CCCCC2)CC1,Polycyclic_Hetero,1,MDM2,1,MDM2_SCAF_55,1,LR00343,False
LR-SCAF00163,779a246f,779a246f,C1CNC[C@@H](C2NNC3CC(NC4CCNCC4)CCC32)C1,C1CNC[C@@H](C2NNC3CC(NC4CCNCC4)CCC32)C1,Polycyclic_Hetero,1,CRBN,1,CRBN_SCAF_29,1,LR00093,False
LR-SCAF00165,7869e375,7869e375,C1CCC(C2CCC(CNC[C@@H]3CCCN3CC[C@@H]3CCNO3)CC2)CC1,C1CCC(C2CCC(CNC[C@@H]3CCCN3CC[C@@H]3CCNO3)CC2)CC1,Polycyclic_Hetero,1,VHL,1,VHL_SCAF_2,1,LR00496,False
LR-SCAF00167,7891074f,7891074f,C1CCC(C2NNCO2)CC1,C1CCC(C2NNCO2)CC1,Bicyclic_Hetero,1,TRIM21,1,TRIM21_SCAF_23,1,LR00413,False
LR-SCAF00168,79dc462f,79dc462f,C1CC2C[C@@H]3CCO[C@H]3CC[C@@H]2C1,C1CC2C[C@@H]3CCO[C@H]3CC[C@@H]2C1,Polycyclic_Hetero,1,KEAP1,1,KEAP1_SCAF_17,1,LR00180,False
LR-SCAF00169,7a0f29f7,7a0f29f7,C1CCC(CN2CNC(C3CCCCC3)[C@@H]2C2C(CN3CCCC3)NC3CCCCC32)CC1,C1CCC(CN2CNC(C3CCCCC3)[C@@H]2C2C(CN3CCCC3)NC3CCCCC32)CC1,Polycyclic_Hetero,1,MDMX,1,MDMX_SCAF_1,1,LR00374,False
LR-SCAF00170,7a9485f4,7a9485f4,C1CCC(C2CCCC(N3NCCC3[C@@H]3C[C@H]3C3CNNN3)C2)CC1,C1CCC(C2CCCC(N3NCCC3[C@@H]3C[C@H]3C3CNNN3)C2)CC1,Polycyclic_Hetero,1,KEAP1,1,KEAP1_SCAF_45,1,LR00219,False
LR-SCAF00171,7d421122,7d421122,C1CCC(CCNCC2CCCCC2)CC1,C1CCC(CCNCC2CCCCC2)CC1,Bicyclic_Hetero,1,KEAP1,1,KEAP1_SCAF_56,1,LR00234,False
LR-SCAF00174,7fdfa2c9,7fdfa2c9,C1COC(SNC2CCCC3CCNC32)C1,C1COC(SNC2CCCC3CCNC32)C1,Polycyclic_Hetero,1,DCAF15,1,DCAF15_SCAF_3,1,LR00149,False
LR-SCAF00175,80019507,80019507,C1CNC2CCCC2C1,C1CNC2CCCC2C1,Bicyclic_Hetero,1,HOIP(RNF31),1,HOIP(RNF31)_SCAF_1,1,LR00153,False
LR-SCAF00176,8097b959,8097b959,C1CCC(NCCOC2CCCCC2)CC1,C1CCC(NCCOC2CCCCC2)CC1,Bicyclic_Hetero,1,KEAP1,1,KEAP1_SCAF_63,1,LR00241,False
LR-SCAF00177,8175cc01,8175cc01,C1CCC(CSN2CC3CCCC[C@H]3C[C@H]2CNCC2CCN3C(C2)NCC3N2CCCNC2)CC1,C1CCC(CSN2CC3CCCC[C@H]3C[C@H]2CNCC2CCN3C(C2)NCC3N2CCCNC2)CC1,Polycyclic_Hetero,1,CRBN,1,CRBN_SCAF_33,1,LR00101,False
LR-SCAF00178,81b81ee0,81b81ee0,C1CCC([C@H]2CCCN([C@H](CSN3CCCC3)C3CC3)[C@@H]2C2CCCCC2)CC1,C1CCC([C@H]2CCCN([C@H](CSN3CCCC3)C3CC3)[C@@H]2C2CCCCC2)CC1,Polycyclic_Hetero,1,MDM2,1,MDM2_SCAF_37,1,LR00311,False
LR-SCAF00180,81d75b80,81d75b80,C1CCC([C@H]2CC(CC3NCCS3)CN(CC3CC3)[C@@H]2C2CCCCC2)CC1,C1CCC([C@H]2CC(CC3NCCS3)CN(CC3CC3)[C@@H]2C2CCCCC2)CC1,Polycyclic_Hetero,1,MDM2,1,MDM2_SCAF_32,1,LR00304,False
LR-SCAF00181,81df215f,81df215f,C1CCC(CN2CCC([C@H]3CCC4CN([C@H]5CCCNC5)CC4C3)CC2)CC1,C1CCC(CN2CCC([C@H]3CCC4CN([C@H]5CCCNC5)CC4C3)CC2)CC1,Polycyclic_Hetero,1,CRBN,1,CRBN_SCAF_42,1,LR00110,False
LR-SCAF00182,8210da1c,8210da1c,C1CCC(S[C@@H]2NCS[C@@H]2N2CCNCC2)CC1,C1CCC(S[C@@H]2NCS[C@@H]2N2CCNCC2)CC1,Polycyclic_Hetero,1,KEAP1,1,KEAP1_SCAF_60,1,LR00238,False
LR-SCAF00184,8280ebad,8280ebad,C1CCC([C@H]2CC(C[C@H]3CCCCN3)CN(CC3CC3)[C@@H]2C2CCCCC2)CC1,C1CCC([C@H]2CC(C[C@H]3CCCCN3)CN(CC3CC3)[C@@H]2C2CCCCC2)CC1,Polycyclic_Hetero,1,MDM2,1,MDM2_SCAF_34,1,LR00306,False
LR-SCAF00185,830437f4,830437f4,C1CC(CN2CCC3CCCCC3[C@H]2CN2CC3CCCCC3C2)C1,C1CC(CN2CCC3CCCCC3[C@H]2CN2CC3CCCCC3C2)C1,Polycyclic_Hetero,1,KEAP1,1,KEAP1_SCAF_21,1,LR00190,False
LR-SCAF00186,832ce6bf,832ce6bf,C1CCN(CCN2CC[NH2+]CC2)C1,C1CCN(CCN2CC[NH2+]CC2)C1,Bicyclic_Hetero,1,XIAP,1,XIAP_SCAF_16,1,LR00574,False
LR-SCAF00188,83e3ca04,83e3ca04,C1COC(CN2CCCC2)C1,C1COC(CN2CCCC2)C1,Bicyclic_Hetero,1,TRIM21,1,TRIM21_SCAF_67,1,LR00472,False
LR-SCAF00189,85047334,85047334,C1CCN(CC2CCCC(C3CCCC(N4NCCC4C4CC4)C3)C2)CC1,C1CCN(CC2CCCC(C3CCCC(N4NCCC4C4CC4)C3)C2)CC1,Polycyclic_Hetero,1,KEAP1,1,KEAP1_SCAF_46,1,LR00220,False
LR-SCAF00190,8540716d,8540716d,C1CCC(SNC2CC(CCN3CCCC3)C(NSC3CCCCC3)C3CCCCC23)CC1,C1CCC(SNC2CC(CCN3CCCC3)C(NSC3CCCCC3)C3CCCCC23)CC1,Polycyclic_Hetero,1,KEAP1,1,KEAP1_SCAF_70,1,LR00249,False
LR-SCAF00191,85503210,85503210,C1CNOC1,C1CNOC1,Monocyclic_Hetero,1,TRIM21,1,TRIM21_SCAF_40,1,LR00440,False
LR-SCAF00192,85813b1f,85813b1f,C1CCC(N2NCCC2NC[C@@H]2CS[C@@H]3CCCCCN23)CC1,C1CCC(N2NCCC2NC[C@@H]2CS[C@@H]3CCCCCN23)CC1,Polycyclic_Hetero,1,LIVIN,1,LIVIN_SCAF_1,1,LR00251,False
LR-SCAF00193,85e4eaf2,85e4eaf2,C1CCC(NCNC2CCCC(C3NC(NCC4CCCNC4)C4CNNC4N3)C2)CC1,C1CCC(NCNC2CCCC(C3NC(NCC4CCCNC4)C4CNNC4N3)C2)CC1,Polycyclic_Hetero,1,CHIP,1,CHIP_SCAF_5,1,LR00005,False
LR-SCAF00194,8644b171,8644b171,C1CCC(CN2CC3CCCC[C@@H]3[C@]2(OCC2CC2)C2CCCCC2)CC1,C1CCC(CN2CC3CCCC[C@@H]3[C@]2(OCC2CC2)C2CCCCC2)CC1,Polycyclic_Hetero,1,MDM2,1,MDM2_SCAF_64,1,LR00358,False
LR-SCAF00195,879804e0,879804e0,C1CCC(OC2CC3NCNC3C[C@H]2NSC2CCCCC2)CC1,C1CCC(OC2CC3NCNC3C[C@H]2NSC2CCCCC2)CC1,Polycyclic_Hetero,1,TRIM24,1,TRIM24_SCAF_2,1,LR00494,False
LR-SCAF00196,87ccdfb5,87ccdfb5,C1CC([C@@H]2CS[C@H](CNC[C@H]3CNNN3)C2)C([C@H]2CSC(CNCC3CNNN3)C2)C1,C1CC([C@@H]2CS[C@H](CNC[C@H]3CNNN3)C2)C([C@H]2CSC(CNCC3CNNN3)C2)C1,Polycyclic_Hetero,1,MDM2,1,MDM2_SCAF_61,1,LR00352,False
LR-SCAF00197,88207aea,88207aea,C1CCC(CCCC2CCCCC2)CC1,C1CCC(CCCC2CCCCC2)CC1,Bicyclic,1,HOIP(RNF31),1,HOIP(RNF31)_SCAF_2,1,LR00154,False
LR-SCAF00198,88684ca7,88684ca7,C1CCN([C@H]2CCNCN2)CC1,C1CCN([C@H]2CCNCN2)CC1,Bicyclic_Hetero,1,TRIM21,1,TRIM21_SCAF_9,1,LR00395,False
LR-SCAF00200,89c06b8f,89c06b8f,C1CCCC(NCCOC2CCC3CC[C@@H](CC4CCC5OCOC5C4)CC3C2)CC1,C1CCCC(NCCOC2CCC3CC[C@@H](CC4CCC5OCOC5C4)CC3C2)CC1,Polycyclic_Hetero,1,KEAP1,1,KEAP1_SCAF_66,1,LR00244,False
LR-SCAF00201,89c2f209,89c2f209,C1CCC(CN2CNC(C3CCCCC3)[C@@H]2[C@H]2C(CNCCN3CCOCC3)NC3CCCCC32)CC1,C1CCC(CN2CNC(C3CCCCC3)[C@@H]2[C@H]2C(CNCCN3CCOCC3)NC3CCCCC32)CC1,Polycyclic_Hetero,1,MDM2,1,MDM2_SCAF_15,1,LR00277,False
LR-SCAF00202,89d1b783,89d1b783,C1CCC([C@H]2C[C@H]3[C@@H](N2)[C@H](C2CCCCC2)[C@]2(CN[C@@H]4CCCC[C@H]42)N3CC2CC2)CC1,C1CCC([C@H]2C[C@H]3[C@@H](N2)[C@H](C2CCCCC2)[C@]2(CN[C@@H]4CCCC[C@H]42)N3CC2CC2)CC1,Polycyclic_Hetero,1,MDM2,1,MDM2_SCAF_48,1,LR00326,False
LR-SCAF00203,8a351e54,8a351e54,C1CCC(N2CCN(CC3CC3)CC2)CC1,C1CCC(N2CCN(CC3CC3)CC2)CC1,Polycyclic_Hetero,1,TRIM21,1,TRIM21_SCAF_64,1,LR00469,False
LR-SCAF00204,8a78dae3,8a78dae3,C1CCC(C2CCCC(N3NCCC3C3CC3)C2)CC1,C1CCC(C2CCCC(N3NCCC3C3CC3)C2)CC1,Polycyclic_Hetero,1,KEAP1,1,KEAP1_SCAF_44,1,LR00218,False
LR-SCAF00205,8ad7ce01,8ad7ce01,C1CNC[C@@H](N2CC3CCC(O[C@H]4CNCCC45CC5)CC3C2)C1,C1CNC[C@@H](N2CC3CCC(O[C@H]4CNCCC45CC5)CC3C2)C1,Polycyclic_Hetero,1,CRBN,1,CRBN_SCAF_26,1,LR00090,False
LR-SCAF00207,8c4ac105,8c4ac105,C1CCCC2(CC1)CCCNC2,C1CCCC2(CC1)CCCNC2,Bicyclic_Hetero,1,TRIM21,1,TRIM21_SCAF_58,1,LR00463,False
LR-SCAF00208,8c4f468e,8c4f468e,C1CCN(CC2CCNO2)NC1,C1CCN(CC2CCNO2)NC1,Bicyclic_Hetero,1,TRIM21,1,TRIM21_SCAF_3,1,LR00389,False
LR-SCAF00209,8d22e845,8d22e845,C1CCC(CNCC2CN[C@H](C3CNNC3)[C@@H]2C2CCCCC2)CC1,C1CCC(CNCC2CN[C@H](C3CNNC3)[C@@H]2C2CCCCC2)CC1,Polycyclic_Hetero,1,DCAF1,1,DCAF1_SCAF_13,1,LR00137,False
LR-SCAF00210,8d6062d9,8d6062d9,C1CCC2CSCCNC[C@H](NC[C@@H]3CCCN3)COCC2C1,C1CCC2CSCCNC[C@H](NC[C@@H]3CCCN3)COCC2C1,Polycyclic_Hetero,1,KEAP1,1,KEAP1_SCAF_26,1,LR00196,False
LR-SCAF00211,8d6d2ee3,8d6d2ee3,C1CNC[C@@H](N2CC3CC[C@H]([C@H]4C[C@@H](CN5CCCC5)C5CCNC5N4)CC3C2)C1,C1CNC[C@@H](N2CC3CC[C@H]([C@H]4C[C@@H](CN5CCCC5)C5CCNC5N4)CC3C2)C1,Polycyclic_Hetero,1,CRBN,1,CRBN_SCAF_39,1,LR00107,False
LR-SCAF00212,8e023bd7,8e023bd7,C1CO[C@@H](CNC2CCNCC2)C1,C1CO[C@@H](CNC2CCNCC2)C1,Bicyclic_Hetero,1,TRIM21,1,TRIM21_SCAF_36,1,LR00434,False
LR-SCAF00213,8ed40683,8ed40683,C1CCC(SNC2CCCC(N3NCC[C@H]3C3CC3)C2)CC1,C1CCC(SNC2CCCC(N3NCC[C@H]3C3CC3)C2)CC1,Polycyclic_Hetero,1,KEAP1,1,KEAP1_SCAF_34,1,LR00204,False
LR-SCAF00214,8f0b3fac,8f0b3fac,C1C[C@@H](CNCC2CCC(C3CNCO3)CC2)N(CCC2CCNO2)C1,C1C[C@@H](CNCC2CCC(C3CNCO3)CC2)N(CCC2CCNO2)C1,Polycyclic_Hetero,1,VHL,1,VHL_SCAF_1,1,LR00495,False
LR-SCAF00216,90a9b679,90a9b679,C1CC2OCNC2CO1,C1CC2OCNC2CO1,Bicyclic_Hetero,1,KEAP1,1,KEAP1_SCAF_16,1,LR00178,False
LR-SCAF00217,91b5e5af,91b5e5af,C1CSCCN1,C1CSCCN1,Monocyclic_Hetero,1,TRIM21,1,TRIM21_SCAF_21,1,LR00411,False
LR-SCAF00218,922af821,922af821,C1NNCC2NNCC12,C1NNCC2NNCC12,Bicyclic_Hetero,1,TRIM21,1,TRIM21_SCAF_46,1,LR00446,False
LR-SCAF00222,92fee6ac,92fee6ac,C1CO[C@@H](CNC2NCCS2)CN1,C1CO[C@@H](CNC2NCCS2)CN1,Bicyclic_Hetero,1,TRIM21,1,TRIM21_SCAF_45,1,LR00445,False
LR-SCAF00223,934dcdfd,934dcdfd,C1CCC(CC2COC(CC3CCCCC3)[C@@H]2C2CNC3CCCCC32)CC1,C1CCC(CC2COC(CC3CCCCC3)[C@@H]2C2CNC3CCCCC32)CC1,Polycyclic_Hetero,1,MDM2,1,MDM2_SCAF_39,1,LR00314,False
LR-SCAF00224,938a9865,938a9865,C1CCN(SN2CCC2)C1,C1CCN(SN2CCC2)C1,Bicyclic_Hetero,1,TRIM21,1,TRIM21_SCAF_52,1,LR00457,False
LR-SCAF00226,94995f78,94995f78,C1CCC(CC2CNC(CC3CCCCC3)[C@H]2[C@H]2CNC3CCCC[C@H]32)CC1,C1CCC(CC2CNC(CC3CCCCC3)[C@H]2[C@H]2CNC3CCCC[C@H]32)CC1,Polycyclic_Hetero,1,MDM2,1,MDM2_SCAF_38,1,LR00313,False
LR-SCAF00227,955ad841,955ad841,C1CN(CC2CSCN2)CN1,C1CN(CC2CSCN2)CN1,Bicyclic_Hetero,1,TRIM21,1,TRIM21_SCAF_11,1,LR00397,False
LR-SCAF00228,9682f4ff,9682f4ff,C1CCC(CN2CC[C@H](C3CCCCC3)[C@]23CNC2CCCCC23)CC1,C1CCC(CN2CC[C@H](C3CCCCC3)[C@]23CNC2CCCCC23)CC1,Polycyclic_Hetero,1,MDM2,1,MDM2_SCAF_47,1,LR00325,False
LR-SCAF00229,972d2b1e,972d2b1e,C1CCC([C@H]2CCNO2)CC1,C1CCC([C@H]2CCNO2)CC1,Bicyclic_Hetero,1,KEAP1,1,KEAP1_SCAF_18,1,LR00181,False
LR-SCAF00230,980b70ea,980b70ea,C1CC(C2NCNCN2)C[C@@H]([C@@H]2COCCN2)C1,C1CC(C2NCNCN2)C[C@@H]([C@@H]2COCCN2)C1,Polycyclic_Hetero,1,KEAP1,1,KEAP1_SCAF_58,1,LR00236,False
LR-SCAF00233,9ae6da2b,9ae6da2b,C1CCC2C(C1)C1NNNC1C1CCCCC1C1NNNC21,C1CCC2C(C1)C1NNNC1C1CCCCC1C1NNNC21,Polycyclic_Hetero,1,MDM2,1,MDM2_SCAF_52,1,LR00339,False
LR-SCAF00235,9b2aa019,9b2aa019,C1CCC(NC[C@@H]2CCCO2)CC1,C1CCC(NC[C@@H]2CCCO2)CC1,Bicyclic_Hetero,1,TRIM21,1,TRIM21_SCAF_65,1,LR00470,False
LR-SCAF00236,9b8d5329,9b8d5329,C(CCCN1CCC(C2CCCC3CN([C@H]4CCCNC4)CC32)CC1)CCCN1CC(C2CCC3C(C2)[C@H](C2CCCCC2)NC2(CC2)C2NNCN32)CN1,C(CCCN1CCC(C2CCCC3CN([C@H]4CCCNC4)CC32)CC1)CCCN1CC(C2CCC3C(C2)[C@H](C2CCCCC2)NC2(CC2)C2NNCN32)CN1,Polycyclic_Hetero,1,CRBN,1,CRBN_SCAF_21,1,LR00078,False
LR-SCAF00237,9c337ed6,9c337ed6,C1CCC(C2CCC[C@H]([C@H]3CCCNC3)C2)CC1,C1CCC(C2CCC[C@H]([C@H]3CCCNC3)C2)CC1,Polycyclic_Hetero,1,CRBN,1,CRBN_SCAF_34,1,LR00102,False
LR-SCAF00238,9de92e9d,9de92e9d,C1CNCCN1,C1CNCCN1,Monocyclic_Hetero,1,TRIM21,1,TRIM21_SCAF_13,1,LR00399,False
LR-SCAF00239,9e037e45,9e037e45,C1CCC(NC2CCOCC2)NC1,C1CCC(NC2CCOCC2)NC1,Bicyclic_Hetero,1,TRIM21,1,TRIM21_SCAF_25,1,LR00416,False
LR-SCAF00240,9e188fdd,9e188fdd,C1CCC(C2CCCC3COC[C@@H](NC[C@@H]4CCCN4)CNCCSCC32)CC1,C1CCC(C2CCCC3COC[C@@H](NC[C@@H]4CCCN4)CNCCSCC32)CC1,Polycyclic_Hetero,1,KEAP1,1,KEAP1_SCAF_51,1,LR00226,False
LR-SCAF00241,9eaa5b88,9eaa5b88,C1CC[C@H](COC2CCC3CN([C@H]4CCCNC4)CC3C2)NC1,C1CC[C@H](COC2CCC3CN([C@H]4CCCNC4)CC3C2)NC1,Polycyclic_Hetero,1,CRBN,1,CRBN_SCAF_23,1,LR00084,False
LR-SCAF00242,9efc1c1e,9efc1c1e,C1CCC2C(C1)CCC[C@H]2NC[C@@H]1CCCN1,C1CCC2C(C1)CCC[C@H]2NC[C@@H]1CCCN1,Polycyclic_Hetero,1,XIAP,1,XIAP_SCAF_1,1,LR00554,False
LR-SCAF00243,9fb6c9b3,9fb6c9b3,C1CO[C@@H](CN[C@H]2NNCS2)C1,C1CO[C@@H](CN[C@H]2NNCS2)C1,Bicyclic_Hetero,1,TRIM21,1,TRIM21_SCAF_12,1,LR00398,False
LR-SCAF00244,a0082199,a0082199,C1CCC(OC2CCCC([C@H]3CCNC3)C2)CC1,C1CCC(OC2CCCC([C@H]3CCNC3)C2)CC1,Polycyclic_Hetero,1,DCAF1,1,DCAF1_SCAF_5,1,LR00125,False
LR-SCAF00247,a464f5cc,a464f5cc,C1CCC(CCN2CCC[C@H]2C2NC(C3CCCC4CCCCC43)CS2)CC1,C1CCC(CCN2CCC[C@H]2C2NC(C3CCCC4CCCCC43)CS2)CC1,Polycyclic_Hetero,1,LIVIN,1,LIVIN_SCAF_4,1,LR00254,False
LR-SCAF00248,a4758722,a4758722,C1CCC(SN[C@@H]2CC[C@@H](NSC3CCCCC3)C3CCCCC32)CC1,C1CCC(SN[C@@H]2CC[C@@H](NSC3CCCCC3)C3CCCCC32)CC1,Polycyclic_Hetero,1,KEAP1,1,KEAP1_SCAF_25,1,LR00195,False
LR-SCAF00249,a4a87fbc,a4a87fbc,C1CCC(CN2CCCCC2)CC1,C1CCC(CN2CCCCC2)CC1,Bicyclic_Hetero,1,TRIM21,1,TRIM21_SCAF_22,1,LR00412,False
LR-SCAF00250,a4c5b1f7,a4c5b1f7,C1CCC(CNC[C@@H]2CN[C@@H](C3CNN(CC[NH+]4CCOCC4)C3)[C@@H]2C2CCCCC2)CC1,C1CCC(CNC[C@@H]2CN[C@@H](C3CNN(CC[NH+]4CCOCC4)C3)[C@@H]2C2CCCCC2)CC1,Polycyclic_Hetero,1,DCAF1,1,DCAF1_SCAF_17,1,LR00141,False
LR-SCAF00251,a69df939,a69df939,C1CCC(N2CCCC3CNC(NC4CCC(SC5CC6(CCN(CC7CCN([C@@H]8CCC9C(C8)NCN9[C@@H]8CCCNC8)CC7)CC6)C5)CC4)NC32)C1,C1CCC(N2CCCC3CNC(NC4CCC(SC5CC6(CCN(CC7CCN([C@@H]8CCC9C(C8)NCN9[C@@H]8CCCNC8)CC7)CC6)C5)CC4)NC32)C1,Polycyclic_Hetero,1,CRBN,1,CRBN_SCAF_25,1,LR00089,False
LR-SCAF00252,a72f74b5,a72f74b5,C1CCN(C[C@H]2CNC3CCCCC32)CC1,C1CCN(C[C@H]2CNC3CCCCC32)CC1,Polycyclic_Hetero,1,CHIP,1,CHIP_SCAF_4,1,LR00004,False
LR-SCAF00253,a83825cf,a83825cf,C1CO[C@@H](N2CCCNC2)C1,C1CO[C@@H](N2CCCNC2)C1,Bicyclic_Hetero,1,CRBN,1,CRBN_SCAF_2,1,LR00015,False
LR-SCAF00255,aa237c1e,aa237c1e,C1CCC(CCN2CCC[C@H]2CNC2CCCCC2C2NCCCN2)CC1,C1CCC(CCN2CCC[C@H]2CNC2CCCCC2C2NCCCN2)CC1,Polycyclic_Hetero,1,XIAP,1,XIAP_SCAF_6,1,LR00562,False
LR-SCAF00256,aa4c7f11,aa4c7f11,C1CCC(CNC[C@@H]2CNC[C@@H]2C2CCCCC2)CC1,C1CCC(CNC[C@@H]2CNC[C@@H]2C2CCCCC2)CC1,Polycyclic_Hetero,1,DCAF1,1,DCAF1_SCAF_14,1,LR00138,False
LR-SCAF00258,ab87471f,ab87471f,C1CCC(CN2C(C3CCC4SCCC4C3)NC3NCNC(NCC4CC4)C32)CC1,C1CCC(CN2C(C3CCC4SCCC4C3)NC3NCNC(NCC4CC4)C32)CC1,Polycyclic_Hetero,1,MDM2,1,MDM2_SCAF_65,1,LR00362,False
LR-SCAF00259,ac649b90,ac649b90,C1CCN(C[C@H]2CNCS2)CC1,C1CCN(C[C@H]2CNCS2)CC1,Bicyclic_Hetero,1,TRIM21,1,TRIM21_SCAF_50,1,LR00453,False
LR-SCAF00260,acdbdd5f,acdbdd5f,C1CCC(CC[C@@H]2N[C@@H]3C[C@H](C4CNOC4)CC[C@@H]3N2CCN2CCNCC2)CC1,C1CCC(CC[C@@H]2N[C@@H]3C[C@H](C4CNOC4)CC[C@@H]3N2CCN2CCNCC2)CC1,Polycyclic_Hetero,1,VHL,1,VHL_SCAF_30,1,LR00546,False
LR-SCAF00261,ade4826c,ade4826c,C1CCC(CC2CCCC2)CC1,C1CCC(CC2CCCC2)CC1,Bicyclic,1,KEAP1,1,KEAP1_SCAF_38,1,LR00209,False
LR-SCAF00262,ae0a943b,ae0a943b,C1CCC(CNC[C@@H]2CCC[C@H]2NC[C@@H]2NNC3CCCCC32)CC1,C1CCC(CNC[C@@H]2CCC[C@H]2NC[C@@H]2NNC3CCCCC32)CC1,Polycyclic_Hetero,1,CHIP,1,CHIP_SCAF_1,1,LR00001,False
LR-SCAF00263,ae7065f9,ae7065f9,C1CC2CC3CC[C@@H]4[C@H](C3)NNN4CCOCCO[C@@H]3CCC4OSN(CC(C1)C2)C[C@@H]4C3,C1CC2CC3CC[C@@H]4[C@H](C3)NNN4CCOCCO[C@@H]3CCC4OSN(CC(C1)C2)C[C@@H]4C3,Polycyclic_Hetero,1,KEAP1,1,KEAP1_SCAF_54,1,LR00230,False
LR-SCAF00264,aeac063c,aeac063c,C1C[C@@H](CNOC2CCC(C3CNCS3)CC2)N(CCC2CCNO2)C1,C1C[C@@H](CNOC2CCC(C3CNCS3)CC2)N(CCC2CCNO2)C1,Polycyclic_Hetero,1,VHL,1,VHL_SCAF_21,1,LR00534,False
LR-SCAF00265,b0dfe869,b0dfe869,C1CC(CNCCN2CCC[C@H]2CNCC2CCC(C3CNCS3)CC2)C1,C1CC(CNCCN2CCC[C@H]2CNCC2CCC(C3CNCS3)CC2)C1,Polycyclic_Hetero,1,VHL,1,VHL_SCAF_14,1,LR00521,False
LR-SCAF00266,b237ad03,b237ad03,C1CN(C2CCNCN2)CCN1,C1CN(C2CCNCN2)CCN1,Bicyclic_Hetero,1,TRIM21,1,TRIM21_SCAF_30,1,LR00426,False
LR-SCAF00267,b3763965,b3763965,C1CCC(C(NC[C@@H]2CC[C@@H]3CCCCCCN32)C2CCCCC2)CC1,C1CCC(C(NC[C@@H]2CC[C@@H]3CCCCCCN32)C2CCCCC2)CC1,Polycyclic_Hetero,1,XIAP,1,XIAP_SCAF_3,1,LR00556,False
LR-SCAF00268,b378c02e,b378c02e,C1CCC(SNC2CCC[C@H](N3NC[C@H](C4NNNN4)[C@H]3C3CC3)C2)CC1,C1CCC(SNC2CCC[C@H](N3NC[C@H](C4NNNN4)[C@H]3C3CC3)C2)CC1,Polycyclic_Hetero,1,KEAP1,1,KEAP1_SCAF_33,1,LR00203,False
LR-SCAF00269,b3d6d51a,b3d6d51a,C1CCN(CC2NCON2)CC1,C1CCN(CC2NCON2)CC1,Bicyclic_Hetero,1,TRIM21,1,TRIM21_SCAF_57,1,LR00462,False
LR-SCAF00270,b3f5828c,b3f5828c,C1CCC(N2CCNN2)CC1,C1CCC(N2CCNN2)CC1,Bicyclic_Hetero,1,TRIM21,1,TRIM21_SCAF_28,1,LR00421,False
LR-SCAF00271,b49d704d,b49d704d,C1CNCN([C@@H]2CNC3C4OCC5(CCNCC5)C4CCN32)C1,C1CNCN([C@@H]2CNC3C4OCC5(CCNCC5)C4CCN32)C1,Polycyclic_Hetero,1,CRBN,1,CRBN_SCAF_38,1,LR00106,False
LR-SCAF00272,b54cf8a8,b54cf8a8,C(CC1CCC(C2CNNC2)CC1)C[C@@H]1CCC[C@H](C2CNNC2)C1,C(CC1CCC(C2CNNC2)CC1)C[C@@H]1CCC[C@H](C2CNNC2)C1,Polycyclic_Hetero,1,HOIP(RNF31),1,HOIP(RNF31)_SCAF_3,1,LR00155,False
LR-SCAF00273,b613b9e0,b613b9e0,C1CCC(CNCC2CNCC2C2CCCCC2)CC1,C1CCC(CNCC2CNCC2C2CCCCC2)CC1,Polycyclic_Hetero,1,DCAF1,1,DCAF1_SCAF_12,1,LR00136,False
LR-SCAF00274,b6697a20,b6697a20,C1CCCN(C[C@H]2CCC3OCOC3C2)CC1,C1CCCN(C[C@H]2CCC3OCOC3C2)CC1,Polycyclic_Hetero,1,TRIM21,1,TRIM21_SCAF_61,1,LR00466,False
LR-SCAF00275,b69839f4,b69839f4,C1CCC(N2CCCN2)C1,C1CCC(N2CCCN2)C1,Bicyclic_Hetero,1,TRIM21,1,TRIM21_SCAF_38,1,LR00436,False
LR-SCAF00276,b7bf4532,b7bf4532,C1CC[C@H]2CSCCNC[C@H](NC[C@@H]3CCCN3)COCC2C1,C1CC[C@H]2CSCCNC[C@H](NC[C@@H]3CCCN3)COCC2C1,Polycyclic_Hetero,1,KEAP1,1,KEAP1_SCAF_49,1,LR00224,False
LR-SCAF00277,b802407d,b802407d,C1CCC(CN2CC3CCCCC3NC[C@@H]2C2CCCCC2)CC1,C1CCC(CN2CC3CCCCC3NC[C@@H]2C2CCCCC2)CC1,Polycyclic_Hetero,1,MDM2,1,MDM2_SCAF_2,1,LR00260,False
LR-SCAF00278,b8e1ee65,b8e1ee65,C1CCC(NC2CCC2)NC1,C1CCC(NC2CCC2)NC1,Bicyclic_Hetero,1,TRIM21,1,TRIM21_SCAF_7,1,LR00393,False
LR-SCAF00279,b91bbdb2,b91bbdb2,C1CCC2CN(C[C@@H]3C4CCCCC4CCN3C[C@@H]3CCCC[C@@H]3C3NNNN3)CC2C1,C1CCC2CN(C[C@@H]3C4CCCCC4CCN3C[C@@H]3CCCC[C@@H]3C3NNNN3)CC2C1,Polycyclic_Hetero,1,KEAP1,1,KEAP1_SCAF_6,1,LR00165,False
LR-SCAF00280,b9bcbd87,b9bcbd87,C1CCC(SN[C@H]2CC[C@@H](NSC3CCCCC3)C3CCCC[C@@H]32)CC1,C1CCC(SN[C@H]2CC[C@@H](NSC3CCCCC3)C3CCCC[C@@H]32)CC1,Polycyclic_Hetero,1,KEAP1,1,KEAP1_SCAF_8,1,LR00169,False
LR-SCAF00281,ba1b5668,ba1b5668,C1CCC(CCN2CCC[C@H]2C2NC3C(CCCC3C3CCCCC3)S2)CC1,C1CCC(CCN2CCC[C@H]2C2NC3C(CCCC3C3CCCCC3)S2)CC1,Polycyclic_Hetero,1,LIVIN,1,LIVIN_SCAF_5,1,LR00255,False
LR-SCAF00282,bb3f1616,bb3f1616,C1CCC(NCCOC2CCC3CCC(CC4CCC5OCCOC5C4)CC3C2)CC1,C1CCC(NCCOC2CCC3CCC(CC4CCC5OCCOC5C4)CC3C2)CC1,Polycyclic_Hetero,1,KEAP1,1,KEAP1_SCAF_68,1,LR00247,False
LR-SCAF00283,bc342e7d,bc342e7d,C1CCC(SN[C@H]2CCC[C@@H](N3NCC[C@@H]3C3CC3)C2)CC1,C1CCC(SN[C@H]2CCC[C@@H](N3NCC[C@@H]3C3CC3)C2)CC1,Polycyclic_Hetero,1,KEAP1,1,KEAP1_SCAF_35,1,LR00205,False
LR-SCAF00284,bc52da4c,bc52da4c,C1CNNC1,C1CNNC1,Monocyclic_Hetero,1,TRIM21,1,TRIM21_SCAF_69,1,LR00476,False
LR-SCAF00286,bf99e947,bf99e947,C1CCN(CC2CCC3NN(C4CCCC(C5(C6NCNN6)CCC5)C4)CN3C2)CC1,C1CCN(CC2CCC3NN(C4CCCC(C5(C6NCNN6)CCC5)C4)CN3C2)CC1,Polycyclic_Hetero,1,Cbl-b,1,Cbl-b_SCAF_1,1,LR00114,False
LR-SCAF00287,bffd5291,bffd5291,C1CCN(CC2CNNC2)C1,C1CCN(CC2CNNC2)C1,Bicyclic_Hetero,1,TRIM21,1,TRIM21_SCAF_70,1,LR00479,False
LR-SCAF00288,c0cae208,c0cae208,C1CCC([C@H]2C3N[C@H](C4CNCNC4)NC3CN2C2CCCCC2)CC1,C1CCC([C@H]2C3N[C@H](C4CNCNC4)NC3CN2C2CCCCC2)CC1,Polycyclic_Hetero,1,MDM2,1,MDM2_SCAF_51,1,LR00338,False
LR-SCAF00289,c0f4f282,c0f4f282,C1CNC[C@@H](C2NNC3CC(N4CCC(NC5NCCC(NC6CCC7NCNC7C6)N5)CC4)CCC32)C1,C1CNC[C@@H](C2NNC3CC(N4CCC(NC5NCCC(NC6CCC7NCNC7C6)N5)CC4)CCC32)C1,Polycyclic_Hetero,1,CRBN,1,CRBN_SCAF_41,1,LR00109,False
LR-SCAF00291,c1d7a03c,c1d7a03c,C1CNC(N2CC[C@]3(CCOC3)C2)CN1,C1CNC(N2CC[C@]3(CCOC3)C2)CN1,Polycyclic_Hetero,1,TRIM21,1,TRIM21_SCAF_4,1,LR00390,False
LR-SCAF00292,c246366b,c246366b,C1CCC(CN2C3[C@H]([C@@H]4CCCNC4)NC([C@H]4NCON4)C[C@H]3N[C@H]2N2CCO[C@@H]3CCC[C@H]32)CC1,C1CCC(CN2C3[C@H]([C@@H]4CCCNC4)NC([C@H]4NCON4)C[C@H]3N[C@H]2N2CCO[C@@H]3CCC[C@H]32)CC1,Polycyclic_Hetero,1,MDM2,1,MDM2_SCAF_66,1,LR00363,False
LR-SCAF00293,c2d55d93,c2d55d93,C1CCC(CCC2NC3C[C@H]([C@H]4CNOC4)CCC3N2CCN2CCNCC2)CC1,C1CCC(CCC2NC3C[C@H]([C@H]4CNOC4)CCC3N2CCN2CCNCC2)CC1,Polycyclic_Hetero,1,VHL,1,VHL_SCAF_31,1,LR00547,False
LR-SCAF00294,c3032de8,c3032de8,C1CCC2C(C1)CCCC2CN[C@H]1CC[C@@H]2CCN[C@@H]21,C1CCC2C(C1)CCCC2CN[C@H]1CC[C@@H]2CCN[C@@H]21,Polycyclic_Hetero,1,LIVIN,1,LIVIN_SCAF_3,1,LR00253,False
LR-SCAF00297,c592394b,c592394b,C1COC(CN2CCN(CC3CC3)CC2)C1,C1COC(CN2CCN(CC3CC3)CC2)C1,Polycyclic_Hetero,1,TRIM21,1,TRIM21_SCAF_15,1,LR00402,False
LR-SCAF00298,c7612d7c,c7612d7c,C1CCC(C[C@H]2CN3NCC(C4CCC(CN5CCCC6CCCCC65)CC4)C3CN2)CC1,C1CCC(C[C@H]2CN3NCC(C4CCC(CN5CCCC6CCCCC65)CC4)C3CN2)CC1,Polycyclic_Hetero,1,Parkin,1,Parkin_SCAF_1,1,LR00378,False
LR-SCAF00299,c8d43d47,c8d43d47,C1OC2CCC(CNC3CC3)CC2O1,C1OC2CCC(CNC3CC3)CC2O1,Polycyclic_Hetero,1,TRIM21,1,TRIM21_SCAF_20,1,LR00409,False
LR-SCAF00300,c977aab5,c977aab5,C1CC(CNC2CNNC2)C1,C1CC(CNC2CNNC2)C1,Bicyclic_Hetero,1,TRIM21,1,TRIM21_SCAF_56,1,LR00461,False
LR-SCAF00301,c9b79d6e,c9b79d6e,C1CCC([C@H]2[C@@H]3CNC[C@@H]3N(CC3CC3)[C@@]23CNC2CCCCC23)CC1,C1CCC([C@H]2[C@@H]3CNC[C@@H]3N(CC3CC3)[C@@]23CNC2CCCCC23)CC1,Polycyclic_Hetero,1,MDM2,1,MDM2_SCAF_53,1,LR00340,False
LR-SCAF00304,ca742bc7,ca742bc7,C1CCN(CCN2CC[NH2+]CC2)CC1,C1CCN(CCN2CC[NH2+]CC2)CC1,Bicyclic_Hetero,1,XIAP,1,XIAP_SCAF_13,1,LR00571,False
LR-SCAF00305,cb318e39,cb318e39,C1CC[C@@H]2CCC3C(CC[C@H]4C3CCC3CCCC[C@H]34)C2C1,C1CC[C@@H]2CCC3C(CC[C@H]4C3CCC3CCCC[C@H]34)C2C1,Polycyclic,1,KEAP1,1,KEAP1_SCAF_2,1,LR00160,False
LR-SCAF00306,cb3322eb,cb3322eb,C1CCN(CN2CCOCC2)CC1,C1CCN(CN2CCOCC2)CC1,Bicyclic_Hetero,1,TRIM21,1,TRIM21_SCAF_53,1,LR00458,False
LR-SCAF00307,cb9c95d5,cb9c95d5,C1C[C@@H](CNCC2CCC([C@H]3CNCS3)CC2)N(C[C@H](CSC[C@H]2CC[C@@H](CN3CCOCC3)CC2)NCC2CC2)C1,C1C[C@@H](CNCC2CCC([C@H]3CNCS3)CC2)N(C[C@H](CSC[C@H]2CC[C@@H](CN3CCOCC3)CC2)NCC2CC2)C1,Polycyclic_Hetero,1,VHL,1,VHL_SCAF_28,1,LR00544,False
LR-SCAF00308,cdc78116,cdc78116,C1C[C@@H](C2NOC(C3CCC([C@H]4CNCS4)CC3)N2)N(CC[C@@H]2CCNO2)C1,C1C[C@@H](C2NOC(C3CCC([C@H]4CNCS4)CC3)N2)N(CC[C@@H]2CCNO2)C1,Polycyclic_Hetero,1,VHL,1,VHL_SCAF_20,1,LR00533,False
LR-SCAF00309,cdc82523,cdc82523,C1CCC(C(CN[C@H]2CC[C@@H]3CCN[C@@H]32)C2CCCCC2)CC1,C1CCC(C(CN[C@H]2CC[C@@H]3CCN[C@@H]32)C2CCCCC2)CC1,Polycyclic_Hetero,1,LIVIN,1,LIVIN_SCAF_2,1,LR00252,False
LR-SCAF00310,ce6c187c,ce6c187c,C1CC[C@H]2CN([C@@H]3CCCNC3)C[C@@H]2C1,C1CC[C@H]2CN([C@@H]3CCCNC3)C[C@@H]2C1,Polycyclic_Hetero,1,CRBN,1,CRBN_SCAF_5,1,LR00025,False
LR-SCAF00311,ceae9cd4,ceae9cd4,C1CCN(CC2CC2)[C@H](CN2CCC[C@H]2CNCC2CCC(C3CNCS3)CC2)C1,C1CCN(CC2CC2)[C@H](CN2CCC[C@H]2CNCC2CCC(C3CNCS3)CC2)C1,Polycyclic_Hetero,1,VHL,1,VHL_SCAF_34,1,LR00553,False
LR-SCAF00312,cfa059c0,cfa059c0,C1CCC(CNCCC2CCC(CC3CCCCN3)CC2)CC1,C1CCC(CNCCC2CCC(CC3CCCCN3)CC2)CC1,Polycyclic_Hetero,1,KEAP1,1,KEAP1_SCAF_57,1,LR00235,False
LR-SCAF00313,d000c614,d000c614,C1CCC([C@H]2OCCN(CC3CC3)[C@@H]2C2CCCCC2)CC1,C1CCC([C@H]2OCCN(CC3CC3)[C@@H]2C2CCCCC2)CC1,Polycyclic_Hetero,1,MDM2,1,MDM2_SCAF_30,1,LR00302,False
LR-SCAF00316,d191821e,d191821e,C1CCC(N2CCC[C@@H](NC3CC(N4CCOCC4)NCN3)C2)CC1,C1CCC(N2CCC[C@@H](NC3CC(N4CCOCC4)NCN3)C2)CC1,Polycyclic_Hetero,1,DCAF1,1,DCAF1_SCAF_1,1,LR00117,False
LR-SCAF00317,d360b04b,d360b04b,C1CCC2C(C1)CCCC2CN1CCC2(CCOCC2)O[C@H]2CCCCC21,C1CCC2C(C1)CCCC2CN1CCC2(CCOCC2)O[C@H]2CCCCC21,Polycyclic_Hetero,1,XIAP,1,XIAP_SCAF_9,1,LR00565,False
LR-SCAF00320,d5b01f0f,d5b01f0f,C1CNCN(C2CCC3CCNC3C2)C1,C1CNCN(C2CCC3CCNC3C2)C1,Polycyclic_Hetero,1,CRBN,1,CRBN_SCAF_31,1,LR00099,False
LR-SCAF00322,d822e5ee,d822e5ee,C1CC2SCCC2CO1,C1CC2SCCC2CO1,Bicyclic_Hetero,1,KEAP1,1,KEAP1_SCAF_39,1,LR00210,False
LR-SCAF00323,da899d9b,da899d9b,C1CCC(SNC2CCCCN2)CC1,C1CCC(SNC2CCCCN2)CC1,Bicyclic_Hetero,1,TRIM21,1,TRIM21_SCAF_33,1,LR00429,False
LR-SCAF00324,da95e4c9,da95e4c9,C1CCC2OCOC2C1,C1CCC2OCOC2C1,Bicyclic_Hetero,1,TRIM21,1,TRIM21_SCAF_26,1,LR00417,False
LR-SCAF00326,de9a4163,de9a4163,C1CCC(CCN2C[C@@H]3CC4CCCC[C@@H]4N3C[C@H]2CN[C@@H]2CCOC3CCCCC32)CC1,C1CCC(CCN2C[C@@H]3CC4CCCC[C@@H]4N3C[C@H]2CN[C@@H]2CCOC3CCCCC32)CC1,Polycyclic_Hetero,1,cIAP1,1,cIAP1_SCAF_8,1,LR00600,False
LR-SCAF00327,dff1bb21,dff1bb21,C1CCC([C@H]2N[C@@H](C3CCCCC3)[C@@H](C3CCCCC3)N2CN2CCNCC2)CC1,C1CCC([C@H]2N[C@@H](C3CCCCC3)[C@@H](C3CCCCC3)N2CN2CCNCC2)CC1,Polycyclic_Hetero,1,MDM2,1,MDM2_SCAF_69,1,LR00366,False
LR-SCAF00328,dff42204,dff42204,C1CCC(CNC[C@@H]2CNN[C@@H]2C2CCCCC2)CC1,C1CCC(CNC[C@@H]2CNN[C@@H]2C2CCCCC2)CC1,Polycyclic_Hetero,1,DCAF1,1,DCAF1_SCAF_2,1,LR00118,False
LR-SCAF00329,e142496b,e142496b,C1CCC(CNS[C@@H]2CCCS2)CC1,C1CCC(CNS[C@@H]2CCCS2)CC1,Bicyclic_Hetero,1,DCAF15,1,DCAF15_SCAF_2,1,LR00144,False
LR-SCAF00330,e14c9710,e14c9710,C1CCC(CCCNCCN2CCC[C@H]2CNCC2CCC(C3CNCS3)CC2)CC1,C1CCC(CCCNCCN2CCC[C@H]2CNCC2CCC(C3CNCS3)CC2)CC1,Polycyclic_Hetero,1,VHL,1,VHL_SCAF_12,1,LR00512,False
LR-SCAF00331,e1a2b3c4,e1a2b3c4,C1CCC(CN2CC3CCCCC3[C@]2(OCC2CC2)C2CCCCC2)CC1,C1CCC(CN2CC3CCCCC3[C@]2(OCC2CC2)C2CCCCC2)CC1,Polycyclic_Hetero,1,MDM2,1,MDM2_SCAF_63,1,LR00356,False
LR-SCAF00332,e202be48,e202be48,C1CCC(SNCC2CCCC(CNCC3CCCC4CC5CCCCC5C34)C2)CC1,C1CCC(SNCC2CCCC(CNCC3CCCC4CC5CCCCC5C34)C2)CC1,Polycyclic_Hetero,1,KEAP1,1,KEAP1_SCAF_61,1,LR00239,False
LR-SCAF00334,e259aa4c,e259aa4c,C1CCC(SNC2CC[C@@H](NSC3CCCCC3)C3CCCCC23)CC1,C1CCC(SNC2CC[C@@H](NSC3CCCCC3)C3CCCCC23)CC1,Polycyclic_Hetero,1,KEAP1,1,KEAP1_SCAF_53,1,LR00228,False
LR-SCAF00335,e2ac831d,e2ac831d,C1CCC(CC2CCNCC2)CC1,C1CCC(CC2CCNCC2)CC1,Bicyclic_Hetero,1,KEAP1,1,KEAP1_SCAF_20,1,LR00183,False
LR-SCAF00336,e2b60216,e2b60216,C1CCC2C(NC3CCC4CN([C@H]5CCCNC5)CC4C3)NOC2C1,C1CCC2C(NC3CCC4CN([C@H]5CCCNC5)CC4C3)NOC2C1,Polycyclic_Hetero,1,CRBN,1,CRBN_SCAF_19,1,LR00062,False
LR-SCAF00337,e3a2391e,e3a2391e,C1CC(NCC2CCNC(C3CC3)N2)CC(C2CCNCO2)C1,C1CC(NCC2CCNC(C3CC3)N2)CC(C2CCNCO2)C1,Polycyclic_Hetero,1,Cbl-b,1,Cbl-b_SCAF_3,1,LR00116,False
LR-SCAF00338,e3aa9b75,e3aa9b75,C1CCC([C@H]2[C@@H]3NCC[C@@H]3N(CC3CC3)[C@@]23CNC2CCCCC23)CC1,C1CCC([C@H]2[C@@H]3NCC[C@@H]3N(CC3CC3)[C@@]23CNC2CCCCC23)CC1,Polycyclic_Hetero,1,MDM2,1,MDM2_SCAF_46,1,LR00324,False
LR-SCAF00339,e41f6f1c,e41f6f1c,C1CCC(C2(C3C[C@@H]4CC(N5CCNCC5)CCC4[C@@H]4NCCN34)CC2)CC1,C1CCC(C2(C3C[C@@H]4CC(N5CCNCC5)CCC4[C@@H]4NCCN34)CC2)CC1,Polycyclic_Hetero,1,DCAF1,1,DCAF1_SCAF_8,1,LR00130,False
LR-SCAF00342,e7872517,e7872517,C1CCC([C@@H]2CNC[C@@]23CNC2CCCCC23)CC1,C1CCC([C@@H]2CNC[C@@]23CNC2CCCCC23)CC1,Polycyclic_Hetero,1,MDM2,1,MDM2_SCAF_9,1,LR00270,False
LR-SCAF00343,e7a419a1,e7a419a1,C1COC[C@@]2(CCOC2)N1,C1COC[C@@]2(CCOC2)N1,Bicyclic_Hetero,1,TRIM21,1,TRIM21_SCAF_47,1,LR00449,False
LR-SCAF00344,e7dc5dc6,e7dc5dc6,C1C[C@@H](CNC[C@H]2CC[C@H](C3CNCS3)CC2)N(CC[C@@H]2CCNO2)C1,C1C[C@@H](CNC[C@H]2CC[C@H](C3CNCS3)CC2)N(CC[C@@H]2CCNO2)C1,Polycyclic_Hetero,1,VHL,1,VHL_SCAF_18,1,LR00531,False
LR-SCAF00346,eae92d5d,eae92d5d,C1CNC[C@@H](N2CC3CCC([C@H]4CC(CN5CCCC5)C5CCNC5N4)C[C@@H]3C2)C1,C1CNC[C@@H](N2CC3CCC([C@H]4CC(CN5CCCC5)C5CCNC5N4)C[C@@H]3C2)C1,Polycyclic_Hetero,1,CRBN,1,CRBN_SCAF_36,1,LR00104,False
LR-SCAF00350,ef4106a4,ef4106a4,C1C[C@H](N2CCNN2)CN1,C1C[C@H](N2CCNN2)CN1,Bicyclic_Hetero,1,XIAP,1,XIAP_SCAF_11,1,LR00567,False
LR-SCAF00351,f0230b28,f0230b28,C1CNCCN([C@@H]2NCNS2)C1,C1CNCCN([C@@H]2NCNS2)C1,Bicyclic_Hetero,1,TRIM21,1,TRIM21_SCAF_32,1,LR00428,False
LR-SCAF00352,f02c7b93,f02c7b93,C1CCC2NN([C@H]3CCCNC3)NC2C1,C1CCC2NN([C@H]3CCCNC3)NC2C1,Polycyclic_Hetero,1,CRBN,1,CRBN_SCAF_13,1,LR00047,False
LR-SCAF00353,f0ab0e88,f0ab0e88,C1CCC2CCCC2C1,C1CCC2CCCC2C1,Bicyclic,1,XIAP,1,XIAP_SCAF_25,1,LR00590,False
LR-SCAF00354,f0e2956c,f0e2956c,C1CCC(CNC[C@@H]2CCC(N3CCNC3)[C@H]([C@H]3CNN(CC4CCCCC4)C3)C2)CC1,C1CCC(CNC[C@@H]2CCC(N3CCNC3)[C@H]([C@H]3CNN(CC4CCCCC4)C3)C2)CC1,Polycyclic_Hetero,1,TRIM21,1,TRIM21_SCAF_75,1,LR00488,False
LR-SCAF00355,f1399e56,f1399e56,C1CCC2NCNC2C1,C1CCC2NCNC2C1,Bicyclic_Hetero,1,TRIM21,1,TRIM21_SCAF_37,1,LR00435,False
LR-SCAF00356,f19493ee,f19493ee,C1CN[C@H](CN2CCC[C@H]2CNCC2CCC(C3CNCS3)CC2)C1,C1CN[C@H](CN2CCC[C@H]2CNCC2CCC(C3CNCS3)CC2)C1,Polycyclic_Hetero,1,VHL,1,VHL_SCAF_10,1,LR00510,False
LR-SCAF00357,f303ffb9,f303ffb9,C1CCCC(NCCOC2CCC3CCC(CC4CCC5OCCOC5C4)CC3C2)CC1,C1CCCC(NCCOC2CCC3CCC(CC4CCC5OCCOC5C4)CC3C2)CC1,Polycyclic_Hetero,1,KEAP1,1,KEAP1_SCAF_69,1,LR00248,False
LR-SCAF00358,f3e29005,f3e29005,C1CCC(O[C@@H]2CN[C@H](CN[C@@H]3CCCC4CCCCC43)C2)CC1,C1CCC(O[C@@H]2CN[C@H](CN[C@@H]3CCCC4CCCCC43)C2)CC1,Polycyclic_Hetero,1,XIAP,1,XIAP_SCAF_2,1,LR00555,False
LR-SCAF00361,f5e74ae5,f5e74ae5,C1CCC(CC2CC3C(CCN3CCN3CC[NH2+]C[C@@H]3CN3CCCN3)CN2)CC1,C1CCC(CC2CC3C(CCN3CCN3CC[NH2+]C[C@@H]3CN3CCCN3)CN2)CC1,Polycyclic_Hetero,1,XIAP,1,XIAP_SCAF_19,1,LR00579,False
LR-SCAF00362,f6b8692a,f6b8692a,C1CCC(OCC2CNNC2)CC1,C1CCC(OCC2CNNC2)CC1,Bicyclic_Hetero,1,VHL,1,VHL_SCAF_32,1,LR00550,False
LR-SCAF00363,f6f80973,f6f80973,C1CCN(CC2CCC3NN(C4CCCC(C5CCNCC5)C4)CN3C2)CC1,C1CCN(CC2CCC3NN(C4CCCC(C5CCNCC5)C4)CN3C2)CC1,Polycyclic_Hetero,1,Cbl-b,1,Cbl-b_SCAF_2,1,LR00115,False
LR-SCAF00364,f8bbb460,f8bbb460,C1CCC(SN2CCC3CCC(CNCC4CCCC5CC6CCCCC6C45)CC3C2)CC1,C1CCC(SN2CCC3CCC(CNCC4CCCC5CC6CCCCC6C45)CC3C2)CC1,Polycyclic_Hetero,1,KEAP1,1,KEAP1_SCAF_62,1,LR00240,False
LR-SCAF00365,fafa892d,fafa892d,C1CCN(C2CCNCC2)CC1,C1CCN(C2CCNCC2)CC1,Bicyclic_Hetero,1,TRIM21,1,TRIM21_SCAF_44,1,LR00444,False
LR-SCAF00366,fbabac0e,fbabac0e,C1CCC2C(C1)NCN2[C@H]1CCCNC1,C1CCC2C(C1)NCN2[C@H]1CCCNC1,Polycyclic_Hetero,1,CRBN,1,CRBN_SCAF_24,1,LR00088,False
LR-SCAF00367,fda7e042,fda7e042,C1CCC(SNC2CCC(N3CCCC3)C3CCCCC23)CC1,C1CCC(SNC2CCC(N3CCCC3)C3CCCCC23)CC1,Polycyclic_Hetero,1,KEAP1,1,KEAP1_SCAF_9,1,LR00170,False
LR-SCAF00368,fdba3dfb,fdba3dfb,C1CNC[C@@H](N2CC3CC[C@@H]([C@@H]4CC(CN5CCCC5)C5CCN(C6COC6)C5N4)CC3C2)C1,C1CNC[C@@H](N2CC3CC[C@@H]([C@@H]4CC(CN5CCCC5)C5CCN(C6COC6)C5N4)CC3C2)C1,Polycyclic_Hetero,1,CRBN,1,CRBN_SCAF_40,1,LR00108,False
LR-SCAF00369,fe02860c,fe02860c,C1CCC([C@H]2C3CCCCC3CCN2C2CCCCC2OCC2NNNN2)CC1,C1CCC([C@H]2C3CCCCC3CCN2C2CCCCC2OCC2NNNN2)CC1,Polycyclic_Hetero,1,MDM2,1,MDM2_SCAF_40,1,LR00315,False
LR-SCAF00370,fe15cea1,fe15cea1,C1CCC([C@H]2CCCN(CC3CCCC(C4CC4)N3)[C@@H]2C2CCCCC2)CC1,C1CCC([C@H]2CCCN(CC3CCCC(C4CC4)N3)[C@@H]2C2CCCCC2)CC1,Polycyclic_Hetero,1,MDM2,1,MDM2_SCAF_36,1,LR00310,False
LR-SCAF00371,fe69d68f,fe69d68f,C1CCC(SC2NCS[C@@H]2N2CCNCC2)CC1,C1CCC(SC2NCS[C@@H]2N2CCNCC2)CC1,Polycyclic_Hetero,1,KEAP1,1,KEAP1_SCAF_59,1,LR00237,False
