Ligase,pdb_id,Ligand,Residue_ID,Variant,MW,Recruiter_Class,Total_atoms,Exposed_atoms,SASA_in_complex_A2,%Exposed,%Buried,Heavy_atoms,Hydrogen_atoms,Exposed_heavy_atoms,SASA_heavy_A2,%Exposed_Heavy,%Buried_Heavy,Ligand_Residue_Count,Ligand_Chains,MW_Status,Warnings,RECRUITER_CODE,Original_Ligase_Ligand_Code,Instance_Key,Original_RECRUITER_CODE
CHIP,9R1P,B07,A:201,1,562.795,Peptide-like Recruiter,38,26,274.643,0.684,0.316,38,0,26,274.643,0.684,0.316,1,A,OK,,LR00005,CHIP_B07,CHIP|9R1P|B07|1,CHIP_B07
CHIP,9QEU,A90,A:201,1,483.698,Drug-like Recruiter,34,20,242.104,0.588,0.412,34,0,20,242.104,0.588,0.412,1,A,OK,,LR00001,CHIP_A90,CHIP|9QEU|A90|1,CHIP_A90
CHIP,9QFS,A87,A:201,1,426.455,Drug-like Recruiter,29,15,156.855,0.517,0.483,29,0,15,156.855,0.517,0.483,1,A,OK,,LR00003,CHIP_A87,CHIP|9QFS|A87|1,CHIP_A87
CHIP,9QF1,A91,A:201,1,492.606,Drug-like Recruiter,34,16,239.115,0.471,0.529,34,0,16,239.115,0.471,0.529,1,A,OK,,LR00002,CHIP_A91,CHIP|9QF1|A91|1,CHIP_A91
CHIP,9QFY,A88,A:201,1,433.512,Drug-like Recruiter,28,12,126.405,0.429,0.571,28,0,12,126.405,0.429,0.571,1,A,OK,,LR00004,CHIP_A88,CHIP|9QFY|A88|1,CHIP_A88
CRBN,7PSO,835,A:202,1,300.403,Drug-like Recruiter,21,20,433.676,0.952,0.048,21,0,20,433.676,0.952,0.048,1,A,OK,,LR00049,CRBN_835,CRBN|7PSO|835|1,CRBN_835
CRBN,6H0G,Y70,A:502,1,287.36,Drug-like Recruiter,20,19,320.359,0.95,0.05,20,0,19,320.359,0.95,0.05,1,A,OK,,LR00027,CRBN_Y70,CRBN|6H0G|Y70|1,CRBN_Y70
CRBN,8OU4,W2F,A:202,1,293.795,Drug-like Recruiter,19,18,429.494,0.947,0.053,19,0,18,429.494,0.947,0.053,1,A,OK,,LR00066,CRBN_W2F,CRBN|8OU4|W2F|1,CRBN_W2F
CRBN,8AOQ,N8F,A:202,1,279.402,Drug-like Recruiter,18,17,430.655,0.944,0.056,18,0,17,430.655,0.944,0.056,1,A,OK,,LR00054,CRBN_N8F,CRBN|8AOQ|N8F|1,CRBN_N8F
CRBN,9NFR,A39,A:502,1,315.885,Drug-like Recruiter,21,17,313.405,0.81,0.19,21,0,17,313.405,0.81,0.19,1,A,OK,,LR00102,CRBN_A39,CRBN|9NFR|A39|1,CRBN_A39
CRBN,9NFQ,A43,A:501,1,600.871,Peptide-like Recruiter,41,33,516.873,0.805,0.195,41,0,33,516.873,0.805,0.195,1,A,OK,,LR00101,CRBN_A43,CRBN|9NFQ|A43|1,CRBN_A43
CRBN,8RQ9,A79,A:501,1,858.702,Peptide-like Recruiter,60,47,721.508,0.783,0.217,60,0,47,721.508,0.783,0.217,1,A,OK,,LR00078,CRBN_A79,CRBN|8RQ9|A79|1,CRBN_A79
CRBN,9H59,A86,A:501,1,424.586,Drug-like Recruiter,30,23,404.852,0.767,0.233,30,0,23,404.852,0.767,0.233,1,A,OK,,LR00100,CRBN_A86,CRBN|9H59|A86|1,CRBN_A86
CRBN,9Q2D,85C,A:502,1,461.047,Drug-like Recruiter,31,22,261.531,0.71,0.29,31,0,22,261.531,0.71,0.29,1,A,OK,,LR00111,CRBN_85C,CRBN|9Q2D|85C|1,CRBN_85C
CRBN,7LPS,RN9,A:502,1,519.127,Peptide-like Recruiter,35,24,259.26,0.686,0.314,35,0,24,259.26,0.686,0.314,1,A,OK,,LR00046,CRBN_RN9,CRBN|7LPS|RN9|1,CRBN_RN9
CRBN,9E2U,RN9,A:501,1,519.127,Peptide-like Recruiter,35,24,288.901,0.686,0.314,35,0,24,288.901,0.686,0.314,1,A,OK,,LR00096,CRBN_RN9,CRBN|9E2U|RN9|1,CRBN_RN9
CRBN,9Q03,A60,A:502,1,741.467,Peptide-like Recruiter,51,35,663.274,0.686,0.314,51,0,35,663.274,0.686,0.314,1,A,OK,,LR00109,CRBN_A60,CRBN|9Q03|A60|1,CRBN_A60
CRBN,5AMH,EF2,A:151,1,272.345,Drug-like Recruiter,19,13,116.209,0.684,0.316,19,0,13,116.209,0.684,0.316,1,A,OK,,LR00017,CRBN_EF2,CRBN|5AMH|EF2|1,CRBN_EF2
CRBN,8D80,8W7,A:502,1,467.651,Drug-like Recruiter,33,22,232.119,0.667,0.333,33,0,22,232.119,0.667,0.333,1,A,OK,,LR00059,CRBN_8W7,CRBN|8D80|8W7|1,CRBN_8W7
CRBN,8RQC,QFC,A:602,1,595.845,Peptide-like Recruiter,42,28,283.386,0.667,0.333,42,0,28,283.386,0.667,0.333,1,A,OK,,LR00080,CRBN_QFC,CRBN|8RQC|QFC|1,CRBN_QFC
CRBN,9D0X,E01,A:502,1,910.3,Peptide-like Recruiter,63,42,764.803,0.667,0.333,63,0,42,764.803,0.667,0.333,1,A,OK,,LR00089,CRBN_E01,CRBN|9D0X|E01|1,CRBN_E01
CRBN,8RQ8,QFC,A:601,1,595.845,Peptide-like Recruiter,42,27,275.627,0.643,0.357,42,0,27,275.627,0.643,0.357,1,A,OK,,LR00077,CRBN_QFC,CRBN|8RQ8|QFC|1,CRBN_QFC
CRBN,8OUA,W0Z,A:202,1,325.356,Drug-like Recruiter,22,14,151.251,0.636,0.364,22,0,14,151.251,0.636,0.364,1,A,OK,,LR00071,CRBN_W0Z,CRBN|8OUA|W0Z|1,CRBN_W0Z
CRBN,5YJ0,EF2,A:501,1,272.345,Drug-like Recruiter,19,12,170.907,0.632,0.368,19,0,12,170.907,0.632,0.368,1,A,OK,,LR00024,CRBN_EF2,CRBN|5YJ0|EF2|1,CRBN_EF2
CRBN,8OU6,W26,A:202,1,273.377,Drug-like Recruiter,19,12,126.64,0.632,0.368,19,0,12,126.64,0.632,0.368,1,A,OK,,LR00068,CRBN_W26,CRBN|8OU6|W26|1,CRBN_W26
CRBN,8RDP,A66,A:202,1,290.791,Drug-like Recruiter,19,12,104.984,0.632,0.368,19,0,12,104.984,0.632,0.368,1,A,OK,,LR00072,CRBN_A66,CRBN|8RDP|A66|1,CRBN_A66
CRBN,8RDT,A68,A:202,1,346.424,Drug-like Recruiter,24,15,166.806,0.625,0.375,24,0,15,166.806,0.625,0.375,1,A,OK,,LR00076,CRBN_A68,CRBN|8RDT|A68|1,CRBN_A68
CRBN,9OHR,A57,A:501,1,519.731,Peptide-like Recruiter,37,23,367.07,0.622,0.378,37,0,23,367.07,0.622,0.378,1,A,OK,,LR00108,CRBN_A57,CRBN|9OHR|A57|1,CRBN_A57
CRBN,8D7Z,QFC,A:502,1,595.845,Peptide-like Recruiter,42,26,303.63,0.619,0.381,42,0,26,303.63,0.619,0.381,1,A,OK,,LR00058,CRBN_QFC,CRBN|8D7Z|QFC|1,CRBN_QFC
CRBN,8D7V,QFC,A:502,1,595.845,Peptide-like Recruiter,42,26,274.724,0.619,0.381,42,0,26,274.724,0.619,0.381,1,A,OK,,LR00056,CRBN_QFC,CRBN|8D7V|QFC|1,CRBN_QFC
CRBN,8D7W,QFC,A:502,1,595.845,Peptide-like Recruiter,42,26,286.477,0.619,0.381,42,0,26,286.477,0.619,0.381,1,A,OK,,LR00057,CRBN_QFC,CRBN|8D7W|QFC|1,CRBN_QFC
CRBN,9OHQ,A56,A:501,1,477.694,Drug-like Recruiter,34,21,299.312,0.618,0.382,34,0,21,299.312,0.618,0.382,1,A,OK,,LR00107,CRBN_A56,CRBN|9OHQ|A56|1,CRBN_A56
CRBN,8DEY,LWK,A:502,1,435.653,Drug-like Recruiter,31,19,269.946,0.613,0.387,31,0,19,269.946,0.613,0.387,1,A,OK,,LR00061,CRBN_LWK,CRBN|8DEY|LWK|1,CRBN_LWK
CRBN,9SAF,B08,A:502,1,763.535,Peptide-like Recruiter,51,31,509.544,0.608,0.392,51,0,31,509.544,0.608,0.392,1,A,OK,,LR00112,CRBN_B08,CRBN|9SAF|B08|1,CRBN_B08
CRBN,9O91,A55,A:501,1,463.667,Drug-like Recruiter,33,20,285.503,0.606,0.394,33,0,20,285.503,0.606,0.394,1,A,OK,,LR00104,CRBN_A55,CRBN|9O91|A55|1,CRBN_A55
CRBN,8OU7,W1F,A:202,1,289.376,Drug-like Recruiter,20,12,130.219,0.6,0.4,20,0,12,130.219,0.6,0.4,1,A,OK,,LR00069,CRBN_W1F,CRBN|8OU7|W1F|1,CRBN_W1F
CRBN,9DQD,A40,A:502,1,353.511,Drug-like Recruiter,25,15,234.139,0.6,0.4,25,0,15,234.139,0.6,0.4,1,A,OK,,LR00093,CRBN_A40,CRBN|9DQD|A40|1,CRBN_A40
CRBN,8D7U,QFC,A:502,1,595.845,Peptide-like Recruiter,42,25,269.373,0.595,0.405,42,0,25,269.373,0.595,0.405,1,A,OK,,LR00055,CRBN_QFC,CRBN|8D7U|QFC|1,CRBN_QFC
CRBN,8OU5,W1X,A:202,1,327.347,Drug-like Recruiter,22,13,124.348,0.591,0.409,22,0,13,124.348,0.591,0.409,1,A,OK,,LR00067,CRBN_W1X,CRBN|8OU5|W1X|1,CRBN_W1X
CRBN,8AOP,MW6,A:202,1,260.403,Drug-like Recruiter,17,10,114.378,0.588,0.412,17,0,10,114.378,0.588,0.412,1,A,OK,,LR00053,CRBN_MW6,CRBN|8AOP|MW6|1,CRBN_MW6
CRBN,4TZC,EF2,A:505,1,272.345,Drug-like Recruiter,19,11,185.376,0.579,0.421,19,0,11,185.376,0.579,0.421,1,A,OK,,LR00010,CRBN_EF2,CRBN|4TZC|EF2|1,CRBN_EF2
CRBN,4V2Y,EF2,A:151,1,272.345,Drug-like Recruiter,19,11,106.526,0.579,0.421,19,0,11,106.526,0.579,0.421,1,A,OK,,LR00012,CRBN_EF2,CRBN|4V2Y|EF2|1,CRBN_EF2
CRBN,5YIZ,EF2,A:501,1,272.345,Drug-like Recruiter,19,11,178.403,0.579,0.421,19,0,11,178.403,0.579,0.421,1,A,OK,,LR00023,CRBN_EF2,CRBN|5YIZ|EF2|1,CRBN_EF2
CRBN,5YJ1,6EL,A:501,1,272.345,Drug-like Recruiter,19,11,169.677,0.579,0.421,19,0,11,169.677,0.579,0.421,1,A,OK,,LR00025,CRBN_6EL,CRBN|5YJ1|6EL|1,CRBN_6EL
CRBN,8OU9,W1B,A:202,1,275.349,Drug-like Recruiter,19,11,116.254,0.579,0.421,19,0,11,116.254,0.579,0.421,1,A,OK,,LR00070,CRBN_W1B,CRBN|8OU9|W1B|1,CRBN_W1B
CRBN,9DOM,E05,A:501,1,463.663,Drug-like Recruiter,33,19,274.272,0.576,0.424,33,0,19,274.272,0.576,0.424,1,A,OK,,LR00092,CRBN_E05,CRBN|9DOM|E05|1,CRBN_E05
CRBN,8RDR,A67,A:202,1,303.359,Drug-like Recruiter,21,12,127.507,0.571,0.429,21,0,12,127.507,0.571,0.429,1,A,OK,,LR00074,CRBN_A67,CRBN|8RDR|A67|1,CRBN_A67
CRBN,9DJX,E04,A:503,1,397.56,Drug-like Recruiter,28,16,224.786,0.571,0.429,28,0,16,224.786,0.571,0.429,1,A,OK,,LR00091,CRBN_E04,CRBN|9DJX|E04|1,CRBN_E04
CRBN,6XK9,V4M,A:501,1,482.012,Drug-like Recruiter,32,18,236.193,0.562,0.438,32,0,18,236.193,0.562,0.438,1,A,OK,,LR00043,CRBN_V4M,CRBN|6XK9|V4M|1,CRBN_V4M
CRBN,4V2Z,Y70,A:151,1,287.36,Drug-like Recruiter,20,11,107.89,0.55,0.45,20,0,11,107.89,0.55,0.45,1,A,OK,,LR00013,CRBN_Y70,CRBN|4V2Z|Y70|1,CRBN_Y70
CRBN,6R0Q,JNW,A:202,1,290.36,Drug-like Recruiter,20,11,100.882,0.55,0.45,20,0,11,100.882,0.55,0.45,1,A,OK,,LR00028,CRBN_JNW,CRBN|6R0Q|JNW|1,CRBN_JNW
CRBN,8RDQ,YQO,A:202,1,325.236,Drug-like Recruiter,20,11,151.987,0.55,0.45,20,0,11,151.987,0.55,0.45,1,A,OK,,LR00073,CRBN_YQO,CRBN|8RDQ|YQO|1,CRBN_YQO
CRBN,8RDS,A65,A:202,1,286.372,Drug-like Recruiter,20,11,111.172,0.55,0.45,20,0,11,111.172,0.55,0.45,1,A,OK,,LR00075,CRBN_A65,CRBN|8RDS|A65|1,CRBN_A65
CRBN,5HXB,85C,A:502,1,461.047,Drug-like Recruiter,31,17,214.541,0.548,0.452,31,0,17,214.541,0.548,0.452,1,A,OK,,LR00021,CRBN_85C,CRBN|5HXB|85C|1,CRBN_85C
CRBN,7PS9,8W7,A:202,1,467.651,Drug-like Recruiter,33,18,294.625,0.545,0.455,33,0,18,294.625,0.545,0.455,1,A,OK,,LR00048,CRBN_8W7,CRBN|7PS9|8W7|1,CRBN_8W7
CRBN,5V3O,8W7,A:501,1,467.651,Drug-like Recruiter,33,18,188.899,0.545,0.455,33,0,18,188.899,0.545,0.455,1,A,OK,,LR00022,CRBN_8W7,CRBN|5V3O|8W7|1,CRBN_8W7
CRBN,9ODR,A53,A:501,1,367.49,Drug-like Recruiter,26,14,177.91,0.538,0.462,26,0,14,177.91,0.538,0.462,1,A,OK,,LR00105,CRBN_A53,CRBN|9ODR|A53|1,CRBN_A53
CRBN,8G66,YOT,A:502,1,396.532,Drug-like Recruiter,28,15,191.069,0.536,0.464,28,0,15,191.069,0.536,0.464,1,A,OK,,LR00062,CRBN_YOT,CRBN|8G66|YOT|1,CRBN_YOT
CRBN,4V30,LVY,A:151,1,271.361,Drug-like Recruiter,19,10,106.568,0.526,0.474,19,0,10,106.568,0.526,0.474,1,A,OK,,LR00014,CRBN_LVY,CRBN|4V30|LVY|1,CRBN_LVY
CRBN,5AMI,EF2,A:151,1,272.345,Drug-like Recruiter,19,10,87.204,0.526,0.474,19,0,10,87.204,0.526,0.474,1,A,OK,,LR00018,CRBN_EF2,CRBN|5AMI|EF2|1,CRBN_EF2
CRBN,6R12,EF2,A:202,1,272.345,Drug-like Recruiter,19,10,99.416,0.526,0.474,19,0,10,99.416,0.526,0.474,1,A,OK,,LR00032,CRBN_EF2,CRBN|6R12|EF2|1,CRBN_EF2
CRBN,6R13,EF2,A:202,1,272.345,Drug-like Recruiter,19,10,94.722,0.526,0.474,19,0,10,94.722,0.526,0.474,1,A,OK,,LR00033,CRBN_EF2,CRBN|6R13|EF2|1,CRBN_EF2
CRBN,8OU3,EF2,A:202,1,272.345,Drug-like Recruiter,19,10,103.838,0.526,0.474,19,0,10,103.838,0.526,0.474,1,A,OK,,LR00065,CRBN_EF2,CRBN|8OU3|EF2|1,CRBN_EF2
CRBN,9CUO,E00,A:502,1,271.361,Drug-like Recruiter,19,10,152.929,0.526,0.474,19,0,10,152.929,0.526,0.474,1,A,OK,,LR00088,CRBN_E00,CRBN|9CUO|E00|1,CRBN_E00
CRBN,9DJT,E02,A:503,1,409.571,Drug-like Recruiter,29,15,208.085,0.517,0.483,29,0,15,208.085,0.517,0.483,1,A,OK,,LR00090,CRBN_E02,CRBN|9DJT|E02|1,CRBN_E02
CRBN,7U8F,LWK,A:502,1,435.653,Drug-like Recruiter,31,16,273.978,0.516,0.484,31,0,16,273.978,0.516,0.484,1,A,OK,,LR00052,CRBN_LWK,CRBN|7U8F|LWK|1,CRBN_LWK
CRBN,8U15,8W7,A:502,1,467.651,Drug-like Recruiter,33,17,258.243,0.515,0.485,33,0,17,258.243,0.515,0.485,1,A,OK,,LR00085,CRBN_8W7,CRBN|8U15|8W7|1,CRBN_8W7
CRBN,4TZU,Y70,A:504,1,287.36,Drug-like Recruiter,20,10,179.647,0.5,0.5,20,0,10,179.647,0.5,0.5,1,A,OK,,LR00011,CRBN_Y70,CRBN|4TZU|Y70|1,CRBN_Y70
CRBN,6R1D,JP5,A:202,1,260.334,Drug-like Recruiter,18,9,82.646,0.5,0.5,18,0,9,82.646,0.5,0.5,1,A,OK,,LR00038,CRBN_JP5,CRBN|6R1D|JP5|1,CRBN_JP5
CRBN,9DWV,A36,A:502,1,304.416,Drug-like Recruiter,20,10,143.188,0.5,0.5,20,0,10,143.188,0.5,0.5,1,A,OK,,LR00094,CRBN_A36,CRBN|9DWV|A36|1,CRBN_A36
CRBN,9Q22,A54,A:4000,1,451.652,Drug-like Recruiter,32,16,268.721,0.5,0.5,32,0,16,268.721,0.5,0.5,1,A,OK,,LR00110,CRBN_A54,CRBN|9Q22|A54|1,CRBN_A54
CRBN,9Y7D,E06,A:502,1,555.736,Peptide-like Recruiter,39,19,263.04,0.487,0.513,39,0,19,263.04,0.487,0.513,1,A,OK,,LR00113,CRBN_E06,CRBN|9Y7D|E06|1,CRBN_E06
CRBN,8TZX,U3I,A:502,1,411.587,Drug-like Recruiter,29,14,253.448,0.483,0.517,29,0,14,253.448,0.483,0.517,1,A,OK,,LR00084,CRBN_U3I,CRBN|8TZX|U3I|1,CRBN_U3I
CRBN,8TNQ,MIQ,A:502,1,357.451,Drug-like Recruiter,25,12,173.05,0.48,0.52,25,0,12,173.05,0.48,0.52,1,A,OK,,LR00082,CRBN_MIQ,CRBN|8TNQ|MIQ|1,CRBN_MIQ
CRBN,8TNR,MIQ,A:502,1,357.451,Drug-like Recruiter,25,12,197.044,0.48,0.52,25,0,12,197.044,0.48,0.52,1,A,OK,,LR00083,CRBN_MIQ,CRBN|8TNR|MIQ|1,CRBN_MIQ
CRBN,4V32,EF2,A:151,1,272.345,Drug-like Recruiter,19,9,97.137,0.474,0.526,19,0,9,97.137,0.474,0.526,1,A,OK,,LR00016,CRBN_EF2,CRBN|4V32|EF2|1,CRBN_EF2
CRBN,5AMJ,EF2,A:151,1,272.345,Drug-like Recruiter,19,9,83.853,0.474,0.526,19,0,9,83.853,0.474,0.526,1,A,OK,,LR00019,CRBN_EF2,CRBN|5AMJ|EF2|1,CRBN_EF2
CRBN,6R1A,EF2,A:202,1,272.345,Drug-like Recruiter,19,9,98.208,0.474,0.526,19,0,9,98.208,0.474,0.526,1,A,OK,,LR00036,CRBN_EF2,CRBN|6R1A|EF2|1,CRBN_EF2
CRBN,6R19,EF2,A:202,1,272.345,Drug-like Recruiter,19,9,95.793,0.474,0.526,19,0,9,95.793,0.474,0.526,1,A,OK,,LR00035,CRBN_EF2,CRBN|6R19|EF2|1,CRBN_EF2
CRBN,6R1C,EF2,A:203,1,272.345,Drug-like Recruiter,19,9,97.137,0.474,0.526,19,0,9,97.137,0.474,0.526,1,A,OK,,LR00037,CRBN_EF2,CRBN|6R1C|EF2|1,CRBN_EF2
CRBN,7PSO,EF2,A:202,1,272.345,Drug-like Recruiter,19,9,99.552,0.474,0.526,19,0,9,99.552,0.474,0.526,1,A,OK,,LR00050,CRBN_EF2,CRBN|7PSO|EF2|1,CRBN_EF2
CRBN,9FJX,LVY,A:502,1,271.361,Drug-like Recruiter,19,9,78.564,0.474,0.526,19,0,9,78.564,0.474,0.526,1,A,OK,,LR00097,CRBN_LVY,CRBN|9FJX|LVY|1,CRBN_LVY
CRBN,7PJK,7SE,A:202,1,242.323,Drug-like Recruiter,17,8,97.112,0.471,0.529,17,0,8,97.112,0.471,0.529,1,A,OK,,LR00047,CRBN_7SE,CRBN|7PJK|7SE|1,CRBN_7SE
CRBN,9GJQ,A81,A:201,1,241.335,Drug-like Recruiter,17,8,75.124,0.471,0.529,17,0,8,75.124,0.471,0.529,1,A,OK,,LR00099,CRBN_A81,CRBN|9GJQ|A81|1,CRBN_A81
CRBN,7BQV,F4U,A:501,1,288.344,Drug-like Recruiter,20,9,82.982,0.45,0.55,20,0,9,82.982,0.45,0.55,1,A,OK,,LR00045,CRBN_F4U,CRBN|7BQV|F4U|1,CRBN_F4U
CRBN,9DWW,A37,A:502,1,304.416,Drug-like Recruiter,20,9,132.103,0.45,0.55,20,0,9,132.103,0.45,0.55,1,A,OK,,LR00095,CRBN_A37,CRBN|9DWW|A37|1,CRBN_A37
CRBN,9GAO,A82,A:501,1,288.388,Drug-like Recruiter,20,9,181.373,0.45,0.55,20,0,9,181.373,0.45,0.55,1,A,OK,,LR00098,CRBN_A82,CRBN|9GAO|A82|1,CRBN_A82
CRBN,9ODS,A52,A:501,1,353.467,Drug-like Recruiter,25,11,150.07,0.44,0.56,25,0,11,150.07,0.44,0.56,1,A,OK,,LR00106,CRBN_A52,CRBN|9ODS|A52|1,CRBN_A52
CRBN,6R0U,EF2,A:202,1,272.345,Drug-like Recruiter,19,8,96.202,0.421,0.579,19,0,8,96.202,0.421,0.579,1,A,OK,,LR00029,CRBN_EF2,CRBN|6R0U|EF2|1,CRBN_EF2
CRBN,6R11,JOB,A:202,1,273.333,Drug-like Recruiter,19,8,118.003,0.421,0.579,19,0,8,118.003,0.421,0.579,1,A,OK,,LR00031,CRBN_JOB,CRBN|6R11|JOB|1,CRBN_JOB
CRBN,6R18,EF2,A:202,1,272.345,Drug-like Recruiter,19,8,98.345,0.421,0.579,19,0,8,98.345,0.421,0.579,1,A,OK,,LR00034,CRBN_EF2,CRBN|6R18|EF2|1,CRBN_EF2
CRBN,4CI2,LVY,A:1429,1,271.361,Drug-like Recruiter,19,8,87.519,0.421,0.579,19,0,8,87.519,0.421,0.579,1,A,OK,,LR00007,CRBN_LVY,CRBN|4CI2|LVY|1,CRBN_LVY
CRBN,6R1K,JPB,A:202,1,333.643,Drug-like Recruiter,19,8,117.277,0.421,0.579,19,0,8,117.277,0.421,0.579,1,A,OK,,LR00039,CRBN_JPB,CRBN|6R1K|JPB|1,CRBN_JPB
CRBN,4TZ4,LVY,A:502,1,271.361,Drug-like Recruiter,19,8,77.036,0.421,0.579,19,0,8,77.036,0.421,0.579,1,A,OK,,LR00009,CRBN_LVY,CRBN|4TZ4|LVY|1,CRBN_LVY
CRBN,6R1W,EF2,A:202,1,272.345,Drug-like Recruiter,19,8,98.208,0.421,0.579,19,0,8,98.208,0.421,0.579,1,A,OK,,LR00040,CRBN_EF2,CRBN|6R1W|EF2|1,CRBN_EF2
CRBN,7BQU,EF2,A:501,1,272.345,Drug-like Recruiter,19,8,77.406,0.421,0.579,19,0,8,77.406,0.421,0.579,1,A,OK,,LR00044,CRBN_EF2,CRBN|7BQU|EF2|1,CRBN_EF2
CRBN,5FQD,LVY,A:1438,1,271.361,Drug-like Recruiter,19,8,75.515,0.421,0.579,19,0,8,75.515,0.421,0.579,1,A,OK,,LR00020,CRBN_LVY,CRBN|5FQD|LVY|1,CRBN_LVY
CRBN,8RQA,LVY,A:501,1,271.361,Drug-like Recruiter,19,8,96.996,0.421,0.579,19,0,8,96.996,0.421,0.579,1,A,OK,,LR00079,CRBN_LVY,CRBN|8RQA|LVY|1,CRBN_LVY
CRBN,6R0V,JO2,A:202,1,323.346,Drug-like Recruiter,22,9,115.715,0.409,0.591,22,0,9,115.715,0.409,0.591,1,A,OK,,LR00030,CRBN_JO2,CRBN|6R0V|JO2|1,CRBN_JO2
CRBN,8OJH,VP9,A:502,1,317.386,Drug-like Recruiter,22,9,99.781,0.409,0.591,22,0,9,99.781,0.409,0.591,1,A,OK,,LR00064,CRBN_VP9,CRBN|8OJH|VP9|1,CRBN_VP9
CRBN,8TNP,Y70,A:502,1,287.36,Drug-like Recruiter,20,8,88.571,0.4,0.6,20,0,8,88.571,0.4,0.6,1,A,OK,,LR00081,CRBN_Y70,CRBN|8TNP|Y70|1,CRBN_Y70
CRBN,4V31,DUR,A:151,1,234.252,Drug-like Recruiter,16,6,65.277,0.375,0.625,16,0,6,65.277,0.375,0.625,1,A,OK,,LR00015,CRBN_DUR,CRBN|4V31|DUR|1,CRBN_DUR
CRBN,7SHH,9FT,A:202,1,229.32,Drug-like Recruiter,16,6,109.995,0.375,0.625,16,0,6,109.995,0.375,0.625,1,A,OK,,LR00051,CRBN_9FT,CRBN|7SHH|9FT|1,CRBN_9FT
CRBN,4CI1,EF2,A:1429,1,272.345,Drug-like Recruiter,19,7,76.744,0.368,0.632,19,0,7,76.744,0.368,0.632,1,A,OK,,LR00006,CRBN_EF2,CRBN|4CI1|EF2|1,CRBN_EF2
CRBN,6R1X,JPQ,A:202,1,204.27,Drug-like Recruiter,14,5,75.808,0.357,0.643,14,0,5,75.808,0.357,0.643,1,A,OK,,LR00041,CRBN_JPQ,CRBN|6R1X|JPQ|1,CRBN_JPQ
CRBN,4CI3,Y70,A:1429,1,287.36,Drug-like Recruiter,20,7,80.935,0.35,0.65,20,0,7,80.935,0.35,0.65,1,A,OK,,LR00008,CRBN_Y70,CRBN|4CI3|Y70|1,CRBN_Y70
CRBN,6H0F,Y70,A:502,1,287.36,Drug-like Recruiter,20,7,75.492,0.35,0.65,20,0,7,75.492,0.35,0.65,1,A,OK,,LR00026,CRBN_Y70,CRBN|6H0F|Y70|1,CRBN_Y70
CRBN,8D81,Y70,A:502,1,287.36,Drug-like Recruiter,20,7,67.102,0.35,0.65,20,0,7,67.102,0.35,0.65,1,A,OK,,LR00060,CRBN_Y70,CRBN|8D81|Y70|1,CRBN_Y70
CRBN,8OIZ,Y70,A:502,1,287.36,Drug-like Recruiter,20,7,72.186,0.35,0.65,20,0,7,72.186,0.35,0.65,1,A,OK,,LR00063,CRBN_Y70,CRBN|8OIZ|Y70|1,CRBN_Y70
CRBN,8U17,Y70,A:502,1,287.36,Drug-like Recruiter,20,7,93.332,0.35,0.65,20,0,7,93.332,0.35,0.65,1,A,OK,,LR00087,CRBN_Y70,CRBN|8U17|Y70|1,CRBN_Y70
CRBN,9NGT,A38,A:502,1,304.416,Drug-like Recruiter,20,7,87.551,0.35,0.65,20,0,7,87.551,0.35,0.65,1,A,OK,,LR00103,CRBN_A38,CRBN|9NGT|A38|1,CRBN_A38
CRBN,6UML,Y70,A:502,1,287.36,Drug-like Recruiter,20,6,77.109,0.3,0.7,20,0,6,77.109,0.3,0.7,1,A,OK,,LR00042,CRBN_Y70,CRBN|6UML|Y70|1,CRBN_Y70
CRBN,8U16,Y70,A:502,1,287.36,Drug-like Recruiter,20,6,68.475,0.3,0.7,20,0,6,68.475,0.3,0.7,1,A,OK,,LR00086,CRBN_Y70,CRBN|8U16|Y70|1,CRBN_Y70
Cbl-b,9FQH,D00,A:501,1,557.75,Peptide-like Recruiter,39,13,89.426,0.333,0.667,39,0,13,89.426,0.333,0.667,1,A,OK,,LR00114,Cbl-b_D00,Cbl-b|9FQH|D00|1,Cbl-b_D00
Cbl-b,9FQJ,D02,A:501,1,382.549,Drug-like Recruiter,27,9,61.568,0.333,0.667,27,0,9,61.568,0.333,0.667,1,A,OK,,LR00116,Cbl-b_D02,Cbl-b|9FQJ|D02|1,Cbl-b_D02
Cbl-b,9FQI,D01,A:501,1,517.681,Peptide-like Recruiter,36,11,84.716,0.306,0.694,36,0,11,84.716,0.306,0.694,1,A,OK,,LR00115,Cbl-b_D01,Cbl-b|9FQI|D01|1,Cbl-b_D01
DCAF1,8OG6,LQH,A:1502,1,280.431,Drug-like Recruiter,20,19,201.106,0.95,0.05,20,0,19,201.106,0.95,0.05,1,A,OK,,LR00123,DCAF1_LQH,DCAF1|8OG6|LQH|1,DCAF1_LQH
DCAF1,8OG5,LQH,A:1505,3,280.431,Drug-like Recruiter,20,19,201.223,0.95,0.05,20,0,19,201.223,0.95,0.05,1,A,OK,,LR00122,DCAF1_LQH,DCAF1|8OG5|LQH|3,DCAF1_LQH
DCAF1,8OGC,VMZ,A:1507,2,511.199,Peptide-like Recruiter,35,29,296.448,0.829,0.171,35,0,29,296.448,0.829,0.171,1,A,OK,,LR00133,DCAF1_VMZ,DCAF1|8OGC|VMZ|2,DCAF1_VMZ
DCAF1,8OO5,VUF,A:1402,2,525.226,Peptide-like Recruiter,36,27,340.148,0.75,0.25,36,0,27,340.148,0.75,0.25,1,A,OK,,LR00135,DCAF1_VUF,DCAF1|8OO5|VUF|2,DCAF1_VUF
DCAF1,8OG5,LQH,A:1504,2,280.431,Drug-like Recruiter,20,14,152.854,0.7,0.3,20,0,14,152.854,0.7,0.3,1,A,OK,,LR00121,DCAF1_LQH,DCAF1|8OG5|LQH|2,DCAF1_LQH
DCAF1,8OG7,VMR,A:1503,1,300.874,Drug-like Recruiter,20,14,186.474,0.7,0.3,20,0,14,186.474,0.7,0.3,1,A,OK,,LR00125,DCAF1_VMR,DCAF1|8OG7|VMR|1,DCAF1_VMR
DCAF1,8OG9,VM3,A:1502,2,336.951,Drug-like Recruiter,23,16,144.983,0.696,0.304,23,0,16,144.983,0.696,0.304,1,A,OK,,LR00129,DCAF1_VM3,DCAF1|8OG9|VM3|2,DCAF1_VM3
DCAF1,7SSE,B1I,A:1401,1,369.529,Drug-like Recruiter,26,15,90.783,0.577,0.423,26,0,15,90.783,0.577,0.423,1,A,OK,,LR00117,DCAF1_B1I,DCAF1|7SSE|B1I|1,DCAF1_B1I
DCAF1,8OG8,VM8,A:1502,2,318.549,Drug-like Recruiter,23,13,141.293,0.565,0.435,23,0,13,141.293,0.565,0.435,1,A,OK,,LR00127,DCAF1_VM8,DCAF1|8OG8|VM8|2,DCAF1_VM8
DCAF1,8OG6,LQH,A:1501,2,280.431,Drug-like Recruiter,20,11,57.966,0.55,0.45,20,0,11,57.966,0.55,0.45,1,A,OK,,LR00124,DCAF1_LQH,DCAF1|8OG6|LQH|2,DCAF1_LQH
DCAF1,7UFV,N6O,A:1401,1,406.974,Drug-like Recruiter,27,13,64.453,0.481,0.519,27,0,13,64.453,0.481,0.519,1,A,OK,,LR00118,DCAF1_N6O,DCAF1|7UFV|N6O|1,DCAF1_N6O
DCAF1,8F8E,XJI,A:1401,1,459.409,Drug-like Recruiter,29,13,54.562,0.448,0.552,29,0,13,54.562,0.448,0.552,1,A,OK,,LR00119,DCAF1_XJI,DCAF1|8F8E|XJI|1,DCAF1_XJI
DCAF1,9C1Q,E09,A:1401,1,530.528,Peptide-like Recruiter,34,15,111.489,0.441,0.559,34,0,15,111.489,0.441,0.559,1,A,OK,,LR00138,DCAF1_E09,DCAF1|9C1Q|E09|1,DCAF1_E09
DCAF1,9BHR,E07,A:2000,1,589.596,Peptide-like Recruiter,38,16,145.417,0.421,0.579,38,0,16,145.417,0.421,0.579,1,A,OK,,LR00136,DCAF1_E07,DCAF1|9BHR|E07|1,DCAF1_E07
DCAF1,9PLY,A58,A:1401,1,559.57,Peptide-like Recruiter,36,15,137.753,0.417,0.583,36,0,15,137.753,0.417,0.583,1,A,OK,,LR00140,DCAF1_A58,DCAF1|9PLY|A58|1,DCAF1_A58
DCAF1,9Y76,A59,A:1401,1,642.684,Peptide-like Recruiter,42,17,137.239,0.405,0.595,42,0,17,137.239,0.405,0.595,1,A,OK,,LR00141,DCAF1_A59,DCAF1|9Y76|A59|1,DCAF1_A59
DCAF1,8OG8,VM8,A:1501,1,318.549,Drug-like Recruiter,23,9,72.458,0.391,0.609,23,0,9,72.458,0.391,0.609,1,A,OK,,LR00126,DCAF1_VM8,DCAF1|8OG8|VM8|1,DCAF1_VM8
DCAF1,8OGA,VLW,A:1406,1,430.681,Drug-like Recruiter,31,12,120.421,0.387,0.613,31,0,12,120.421,0.387,0.613,1,A,OK,,LR00130,DCAF1_VLW,DCAF1|8OGA|VLW|1,DCAF1_VLW
DCAF1,8OGC,VMZ,A:1506,1,511.199,Peptide-like Recruiter,35,13,106.082,0.371,0.629,35,0,13,106.082,0.371,0.629,1,A,OK,,LR00132,DCAF1_VMZ,DCAF1|8OGC|VMZ|1,DCAF1_VMZ
DCAF1,8OGB,VN5,A:1502,1,448.7,Drug-like Recruiter,32,11,95.061,0.344,0.656,32,0,11,95.061,0.344,0.656,1,A,OK,,LR00131,DCAF1_VN5,DCAF1|8OGB|VN5|1,DCAF1_VN5
DCAF1,9D4E,E10,A:1401,1,599.635,Peptide-like Recruiter,39,13,87.869,0.333,0.667,39,0,13,87.869,0.333,0.667,1,A,OK,,LR00139,DCAF1_E10,DCAF1|9D4E|E10|1,DCAF1_E10
DCAF1,9BHS,E08,A:1401,1,542.543,Peptide-like Recruiter,35,11,87.208,0.314,0.686,35,0,11,87.208,0.314,0.686,1,A,OK,,LR00137,DCAF1_E08,DCAF1|9BHS|E08|1,DCAF1_E08
DCAF1,8OO5,VUF,A:1401,1,525.226,Peptide-like Recruiter,36,11,113.191,0.306,0.694,36,0,11,113.191,0.306,0.694,1,A,OK,,LR00134,DCAF1_VUF,DCAF1|8OO5|VUF|1,DCAF1_VUF
DCAF1,8OG9,VM3,A:1501,1,336.951,Drug-like Recruiter,23,7,53.293,0.304,0.696,23,0,7,53.293,0.304,0.696,1,A,OK,,LR00128,DCAF1_VM3,DCAF1|8OG9|VM3|1,DCAF1_VM3
DCAF1,8OG5,LQH,A:1503,1,280.431,Drug-like Recruiter,20,6,49.513,0.3,0.7,20,0,6,49.513,0.3,0.7,1,A,OK,,LR00120,DCAF1_LQH,DCAF1|8OG5|LQH|1,DCAF1_LQH
DCAF15,6Q0R,O6M,A:302,1,360.568,Drug-like Recruiter,24,20,327.602,0.833,0.167,24,0,20,327.602,0.833,0.167,1,A,OK,,LR00143,DCAF15_O6M,DCAF15|6Q0R|O6M|1,DCAF15_O6M
DCAF15,6Q0W,EF6,A:501,1,403.998,Drug-like Recruiter,24,20,336.789,0.833,0.167,24,0,20,336.789,0.833,0.167,1,A,OK,,LR00145,DCAF15_EF6,DCAF15|6Q0W|EF6|1,DCAF15_EF6
DCAF15,6UE5,Q5J,A:701,1,360.568,Drug-like Recruiter,24,20,163.734,0.833,0.167,24,0,20,163.734,0.833,0.167,1,A,OK,,LR00148,DCAF15_Q5J,DCAF15|6UE5|Q5J|1,DCAF15_Q5J
DCAF15,6SJ7,EF6,A:701,1,403.998,Drug-like Recruiter,24,19,190.011,0.792,0.208,24,0,19,190.011,0.792,0.208,1,A,OK,,LR00146,DCAF15_EF6,DCAF15|6SJ7|EF6|1,DCAF15_EF6
DCAF15,6UD7,EF6,A:702,1,403.998,Drug-like Recruiter,24,18,171.776,0.75,0.25,24,0,18,171.776,0.75,0.25,1,A,OK,,LR00147,DCAF15_EF6,DCAF15|6UD7|EF6|1,DCAF15_EF6
DCAF15,8ROX,A71,A:701,1,432.414,Drug-like Recruiter,26,19,246.788,0.731,0.269,26,0,19,246.788,0.731,0.269,1,A,OK,,LR00149,DCAF15_A71,DCAF15|8ROX|A71|1,DCAF15_A71
DCAF15,6Q0V,P7M,A:301,1,429.229,Drug-like Recruiter,20,14,277.659,0.7,0.3,20,0,14,277.659,0.7,0.3,1,A,OK,,LR00144,DCAF15_P7M,DCAF15|6Q0V|P7M|1,DCAF15_P7M
DCAF15,8ROY,A72,A:701,1,531.547,Peptide-like Recruiter,33,22,275.035,0.667,0.333,33,0,22,275.035,0.667,0.333,1,A,OK,,LR00150,DCAF15_A72,DCAF15|8ROY|A72|1,DCAF15_A72
DCAF15,6PAI,O6M,A:901,1,360.568,Drug-like Recruiter,24,16,152.662,0.667,0.333,24,0,16,152.662,0.667,0.333,1,A,OK,,LR00142,DCAF15_O6M,DCAF15|6PAI|O6M|1,DCAF15_O6M
DCAF16,8G46,YK3,A:1002,1,549.848,Peptide-like Recruiter,36,32,493.296,0.889,0.111,36,0,32,493.296,0.889,0.111,1,A,OK,,LR00151,DCAF16_YK3,DCAF16|8G46|YK3|1,DCAF16_YK3
GID4,7SLZ,9QU,A:301,1,419.658,Drug-like Recruiter,30,15,111.464,0.5,0.5,30,0,15,111.464,0.5,0.5,1,A,OK,,LR00152,GID4_9QU,GID4|7SLZ|9QU|1,GID4_9QU
HOIP(RNF31),6KC6,D60,A:1105,1,460.61,Drug-like Recruiter,32,26,305.197,0.812,0.188,32,0,26,305.197,0.812,0.188,1,A,OK,,LR00155,HOIP(RNF31)_D60,HOIP(RNF31)|6KC6|D60|1,HOIP(RNF31)_D60
HOIP(RNF31),6KC5,D5U,A:1105,1,300.439,Drug-like Recruiter,21,16,204.681,0.762,0.238,21,0,16,204.681,0.762,0.238,1,A,OK,,LR00154,HOIP(RNF31)_D5U,HOIP(RNF31)|6KC5|D5U|1,HOIP(RNF31)_D5U
HOIP(RNF31),6GZY,FHH,A:4001,1,288.388,Drug-like Recruiter,20,15,95.14,0.75,0.25,20,0,15,95.14,0.75,0.25,1,A,OK,,LR00153,HOIP(RNF31)_FHH,HOIP(RNF31)|6GZY|FHH|1,HOIP(RNF31)_FHH
HUWE1,8RD0,51X,A:1803,1,217.265,Drug-like Recruiter,21,8,92.288,0.381,0.619,15,6,6,65.105,0.4,0.6,1,A,OK,,LR00156,HUWE1_51X,HUWE1|8RD0|51X|1,HUWE1_51X
HUWE1,8RD1,YP2,A:1802,1,263.29,Drug-like Recruiter,23,7,92.806,0.304,0.696,18,5,5,73.268,0.278,0.722,1,A,OK,,LR00157,HUWE1_YP2,HUWE1|8RD1|YP2|1,HUWE1_YP2
KEAP1,6FFM,D8N,A:500,1,214.309,Drug-like Recruiter,15,14,254.007,0.933,0.067,15,0,14,254.007,0.933,0.067,1,A,OK,,LR00181,KEAP1_D8N,KEAP1|6FFM|D8N|1,KEAP1_D8N
KEAP1,5FZJ,75K,A:1614,1,173.212,Fragment Recruiter,12,11,118.924,0.917,0.083,12,0,11,118.924,0.917,0.083,1,A,OK,,LR00178,KEAP1_75K,KEAP1|5FZJ|75K|1,KEAP1_75K
KEAP1,5FZN,FB2,A:1615,1,165.258,Fragment Recruiter,10,9,102.947,0.9,0.1,10,0,9,102.947,0.9,0.1,1,A,OK,,LR00179,KEAP1_FB2,KEAP1|5FZN|FB2|1,KEAP1_FB2
KEAP1,3VNG,FUU,A:301,1,376.454,Drug-like Recruiter,26,23,271.646,0.885,0.115,26,0,23,271.646,0.885,0.115,1,A,OK,,LR00158,KEAP1_FUU,KEAP1|3VNG|FUU|1,KEAP1_FUU
KEAP1,6QMD,J6N,A:703,2,330.88,Drug-like Recruiter,22,19,285.324,0.864,0.136,22,0,19,285.324,0.864,0.136,1,A,OK,,LR00185,KEAP1_J6N,KEAP1|6QMD|J6N|2,KEAP1_J6N
KEAP1,7OF8,VCQ,A:701,1,228.332,Drug-like Recruiter,16,13,116.95,0.812,0.188,16,0,13,116.95,0.812,0.188,1,A,OK,,LR00209,KEAP1_VCQ,KEAP1|7OF8|VCQ|1,KEAP1_VCQ
KEAP1,7OFC,VCT,A:705,1,267.413,Drug-like Recruiter,19,15,159.199,0.789,0.211,19,0,15,159.199,0.789,0.211,1,A,OK,,LR00213,KEAP1_VCT,KEAP1|7OFC|VCT|1,KEAP1_VCT
KEAP1,7OFE,VBQ,A:710,1,299.411,Drug-like Recruiter,21,16,151.892,0.762,0.238,21,0,16,151.892,0.762,0.238,1,A,OK,,LR00214,KEAP1_VBQ,KEAP1|7OFE|VBQ|1,KEAP1_VBQ
KEAP1,6TYM,08A,A:703,1,506.776,Peptide-like Recruiter,36,27,370.961,0.75,0.25,36,0,27,370.961,0.75,0.25,1,A,OK,,LR00191,KEAP1_08A,KEAP1|6TYM|08A|1,KEAP1_08A
KEAP1,7OFF,VCB,A:712,1,381.557,Drug-like Recruiter,27,20,158.449,0.741,0.259,27,0,20,158.449,0.741,0.259,1,A,OK,,LR00215,KEAP1_VCB,KEAP1|7OFF|VCB|1,KEAP1_VCB
KEAP1,7OF9,VBK,A:701,1,173.281,Fragment Recruiter,11,8,84.015,0.727,0.273,11,0,8,84.015,0.727,0.273,1,A,OK,,LR00210,KEAP1_VBK,KEAP1|7OF9|VBK|1,KEAP1_VBK
KEAP1,4IN4,4ID,A:706,2,519.696,Peptide-like Recruiter,33,23,269.303,0.697,0.303,33,0,23,269.303,0.697,0.303,1,A,OK,,LR00163,KEAP1_4ID,KEAP1|4IN4|4ID|2,KEAP1_4ID
KEAP1,9ETY,A69,A:301,1,394.607,Drug-like Recruiter,25,17,191.784,0.68,0.32,25,0,17,191.784,0.68,0.32,1,A,OK,,LR00238,KEAP1_A69,KEAP1|9ETY|A69|1,KEAP1_A69
KEAP1,6ZEY,QGZ,A:706,1,403.589,Drug-like Recruiter,27,18,116.895,0.667,0.333,27,0,18,116.895,0.667,0.333,1,A,OK,,LR00198,KEAP1_QGZ,KEAP1|6ZEY|QGZ|1,KEAP1_QGZ
KEAP1,7OFA,VBT,A:701,1,218.055,Drug-like Recruiter,12,8,56.074,0.667,0.333,12,0,8,56.074,0.667,0.333,1,A,OK,,LR00211,KEAP1_VBT,KEAP1|7OFA|VBT|1,KEAP1_VBT
KEAP1,9HWS,A85,A:701,1,383.573,Drug-like Recruiter,27,18,143.532,0.667,0.333,27,0,18,143.532,0.667,0.333,1,A,OK,,LR00243,KEAP1_A85,KEAP1|9HWS|A85|1,KEAP1_A85
KEAP1,5GIT,XXT,A:201,1,374.474,Drug-like Recruiter,26,17,280.263,0.654,0.346,26,0,17,280.263,0.654,0.346,1,A,OK,,LR00180,KEAP1_XXT,KEAP1|5GIT|XXT|1,KEAP1_XXT
KEAP1,9HWQ,B0A,A:701,1,241.375,Drug-like Recruiter,17,11,108.116,0.647,0.353,17,0,11,108.116,0.647,0.353,1,A,OK,,LR00241,KEAP1_B0A,KEAP1|9HWQ|B0A|1,KEAP1_B0A
KEAP1,6ZF0,QHT,A:712,1,459.697,Drug-like Recruiter,31,20,154.309,0.645,0.355,31,0,20,154.309,0.645,0.355,1,A,OK,,LR00200,KEAP1_QHT,KEAP1|6ZF0|QHT|1,KEAP1_QHT
KEAP1,7P58,5UI,A:703,1,408.485,Drug-like Recruiter,28,18,121.961,0.643,0.357,28,0,18,121.961,0.643,0.357,1,A,OK,,LR00216,KEAP1_5UI,KEAP1|7P58|5UI|1,KEAP1_5UI
KEAP1,6ZF2,QJ5,A:706,1,445.67,Drug-like Recruiter,30,19,159.504,0.633,0.367,30,0,19,159.504,0.633,0.367,1,A,OK,,LR00202,KEAP1_QJ5,KEAP1|6ZF2|QJ5|1,KEAP1_QJ5
KEAP1,9ETX,A70,A:301,1,400.01,Drug-like Recruiter,24,15,192.868,0.625,0.375,24,0,15,192.868,0.625,0.375,1,A,OK,,LR00237,KEAP1_A70,KEAP1|9ETX|A70|1,KEAP1_A70
KEAP1,9F2P,A73,A:701,1,588.852,Peptide-like Recruiter,40,25,210.903,0.625,0.375,40,0,25,210.903,0.625,0.375,1,A,OK,,LR00239,KEAP1_A73,KEAP1|9F2P|A73|1,KEAP1_A73
KEAP1,7OFB,VCN,A:708,1,295.467,Drug-like Recruiter,21,13,170.749,0.619,0.381,21,0,13,170.749,0.619,0.381,1,A,OK,,LR00212,KEAP1_VCN,KEAP1|7OFB|VCN|1,KEAP1_VCN
KEAP1,7Q6Q,8ZL,A:701,1,579.805,Peptide-like Recruiter,39,24,231.594,0.615,0.385,39,0,24,231.594,0.615,0.385,1,A,OK,,LR00224,KEAP1_8ZL,KEAP1|7Q6Q|8ZL|1,KEAP1_8ZL
KEAP1,9HWR,A83,A:701,1,370.534,Drug-like Recruiter,26,16,142.101,0.615,0.385,26,0,16,142.101,0.615,0.385,1,A,OK,,LR00242,KEAP1_A83,KEAP1|9HWR|A83|1,KEAP1_A83
KEAP1,4CXT,SXJ,A:9999,1,505.784,Peptide-like Recruiter,36,22,282.26,0.611,0.389,36,0,22,282.26,0.611,0.389,1,A,OK,,LR00160,KEAP1_SXJ,KEAP1|4CXT|SXJ|1,KEAP1_SXJ
KEAP1,6ZF5,QH8,A:718,1,519.749,Peptide-like Recruiter,35,21,200.026,0.6,0.4,35,0,21,200.026,0.6,0.4,1,A,OK,,LR00205,KEAP1_QH8,KEAP1|6ZF5|QH8|1,KEAP1_QH8
KEAP1,6ZF6,QH2,A:719,1,545.787,Peptide-like Recruiter,37,22,190.229,0.595,0.405,37,0,22,190.229,0.595,0.405,1,A,OK,,LR00206,KEAP1_QH2,KEAP1|6ZF6|QH2|1,KEAP1_QH2
KEAP1,5CGJ,51M,A:705,1,472.736,Drug-like Recruiter,32,19,176.326,0.594,0.406,32,0,19,176.326,0.594,0.406,1,A,OK,,LR00170,KEAP1_51M,KEAP1|5CGJ|51M|1,KEAP1_51M
KEAP1,7P5E,5VX,A:703,1,423.5,Drug-like Recruiter,29,17,134.373,0.586,0.414,29,0,17,134.373,0.586,0.414,1,A,OK,,LR00217,KEAP1_5VX,KEAP1|7P5E|5VX|1,KEAP1_5VX
KEAP1,9DU7,A41,A:201,1,361.918,Drug-like Recruiter,24,14,181.586,0.583,0.417,24,0,14,181.586,0.583,0.417,1,A,OK,,LR00236,KEAP1_A41,KEAP1|9DU7|A41|1,KEAP1_A41
KEAP1,3VNH,FUU,A:301,1,376.454,Drug-like Recruiter,26,15,129.454,0.577,0.423,26,0,15,129.454,0.577,0.423,1,A,OK,,LR00159,KEAP1_FUU,KEAP1|3VNH|FUU|1,KEAP1_FUU
KEAP1,4IN4,4ID,A:705,1,519.696,Peptide-like Recruiter,33,19,203.793,0.576,0.424,33,0,19,203.793,0.576,0.424,1,A,OK,,LR00162,KEAP1_4ID,KEAP1|4IN4|4ID|1,KEAP1_4ID
KEAP1,9VD2,B16,A:701,1,703.744,Peptide-like Recruiter,47,27,292.868,0.574,0.426,47,0,27,292.868,0.574,0.426,1,A,OK,,LR00250,KEAP1_B16,KEAP1|9VD2|B16|1,KEAP1_B16
KEAP1,9F2Q,A74,A:701,1,614.89,Peptide-like Recruiter,42,24,199.582,0.571,0.429,42,0,24,199.582,0.571,0.429,1,A,OK,,LR00240,KEAP1_A74,KEAP1|9F2Q|A74|1,KEAP1_A74
KEAP1,4IQK,IQK,A:701,1,524.79,Peptide-like Recruiter,34,19,183.621,0.559,0.441,34,0,19,183.621,0.559,0.441,1,A,OK,,LR00164,KEAP1_IQK,KEAP1|4IQK|IQK|1,KEAP1_IQK
KEAP1,6ZF7,QHQ,A:718,1,493.667,Drug-like Recruiter,33,18,146.17,0.545,0.455,33,0,18,146.17,0.545,0.455,1,A,OK,,LR00207,KEAP1_QHQ,KEAP1|6ZF7|QHQ|1,KEAP1_QHQ
KEAP1,9UO8,B15,A:701,1,666.004,Peptide-like Recruiter,44,24,277.237,0.545,0.455,44,0,24,277.237,0.545,0.455,1,A,OK,,LR00249,KEAP1_B15,KEAP1|9UO8|B15|1,KEAP1_B15
KEAP1,7Q5H,92I,A:701,1,524.725,Peptide-like Recruiter,35,19,225.799,0.543,0.457,35,0,19,225.799,0.543,0.457,1,A,OK,,LR00223,KEAP1_92I,KEAP1|7Q5H|92I|1,KEAP1_92I
KEAP1,6ZF8,QHZ,A:717,1,575.813,Peptide-like Recruiter,39,21,239.043,0.538,0.462,39,0,21,239.043,0.538,0.462,1,A,OK,,LR00208,KEAP1_QHZ,KEAP1|6ZF8|QHZ|1,KEAP1_QHZ
KEAP1,8IVG,SGO,A:701,1,367.574,Drug-like Recruiter,26,14,127.332,0.538,0.462,26,0,14,127.332,0.538,0.462,1,A,OK,,LR00231,KEAP1_SGO,KEAP1|8IVG|SGO|1,KEAP1_SGO
KEAP1,6Z6A,Q9E,A:701,1,506.71,Peptide-like Recruiter,34,18,215.067,0.529,0.471,34,0,18,215.067,0.529,0.471,1,A,OK,,LR00196,KEAP1_Q9E,KEAP1|6Z6A|Q9E|1,KEAP1_Q9E
KEAP1,6ZEX,QHN,A:707,1,240.347,Drug-like Recruiter,17,9,80.621,0.529,0.471,17,0,9,80.621,0.529,0.471,1,A,OK,,LR00197,KEAP1_QHN,KEAP1|6ZEX|QHN|1,KEAP1_QHN
KEAP1,6ZEZ,QHH,A:701,1,477.734,Drug-like Recruiter,34,18,166.907,0.529,0.471,34,0,18,166.907,0.529,0.471,1,A,OK,,LR00199,KEAP1_QHH,KEAP1|6ZEZ|QHH|1,KEAP1_QHH
KEAP1,7P5N,5RQ,A:702,1,476.726,Drug-like Recruiter,34,18,151.094,0.529,0.471,34,0,18,151.094,0.529,0.471,1,A,OK,,LR00221,KEAP1_5RQ,KEAP1|7P5N|5RQ|1,KEAP1_5RQ
KEAP1,6QMJ,J6K,A:703,1,531.784,Peptide-like Recruiter,36,19,190.537,0.528,0.472,36,0,19,190.537,0.528,0.472,1,A,OK,,LR00187,KEAP1_J6K,KEAP1|6QMJ|J6K|1,KEAP1_J6K
KEAP1,5DAF,58E,A:201,1,350.551,Drug-like Recruiter,25,13,166.836,0.52,0.48,25,0,13,166.836,0.52,0.48,1,A,OK,,LR00172,KEAP1_58E,KEAP1|5DAF|58E|1,KEAP1_58E
KEAP1,4L7C,1VW,A:701,1,492.709,Drug-like Recruiter,35,18,198.298,0.514,0.486,35,0,18,198.298,0.514,0.486,1,A,OK,,LR00165,KEAP1_1VW,KEAP1|4L7C|1VW|1,KEAP1_1VW
KEAP1,5FNQ,S0W,A:1614,1,191.678,Fragment Recruiter,12,6,57.836,0.5,0.5,12,0,6,57.836,0.5,0.5,1,A,OK,,LR00173,KEAP1_S0W,KEAP1|5FNQ|S0W|1,KEAP1_S0W
KEAP1,5FNR,XMS,A:1614,1,330.88,Drug-like Recruiter,22,11,106.98,0.5,0.5,22,0,11,106.98,0.5,0.5,1,A,OK,,LR00174,KEAP1_XMS,KEAP1|5FNR|XMS|1,KEAP1_XMS
KEAP1,6V6Z,Q5Y,A:703,1,584.842,Peptide-like Recruiter,38,19,205.234,0.5,0.5,38,0,19,205.234,0.5,0.5,1,A,OK,,LR00195,KEAP1_Q5Y,KEAP1|6V6Z|Q5Y|1,KEAP1_Q5Y
KEAP1,7P5F,5QZ,A:702,1,394.58,Drug-like Recruiter,28,14,103.974,0.5,0.5,28,0,14,103.974,0.5,0.5,1,A,OK,,LR00218,KEAP1_5QZ,KEAP1|7P5F|5QZ|1,KEAP1_5QZ
KEAP1,7Q96,9P0,A:701,1,634.881,Peptide-like Recruiter,43,21,233.532,0.488,0.512,43,0,21,233.532,0.488,0.512,1,A,OK,,LR00227,KEAP1_9P0,KEAP1|7Q96|9P0|1,KEAP1_9P0
KEAP1,6ZF4,QHW,A:719,1,519.749,Peptide-like Recruiter,35,17,136.817,0.486,0.514,35,0,17,136.817,0.486,0.514,1,A,OK,,LR00204,KEAP1_QHW,KEAP1|6ZF4|QHW|1,KEAP1_QHW
KEAP1,6ZF1,QHK,A:711,1,463.641,Drug-like Recruiter,31,15,111.847,0.484,0.516,31,0,15,111.847,0.484,0.516,1,A,OK,,LR00201,KEAP1_QHK,KEAP1|6ZF1|QHK|1,KEAP1_QHK
KEAP1,6ZF3,QH5,A:1101,1,429.635,Drug-like Recruiter,29,14,121.513,0.483,0.517,29,0,14,121.513,0.483,0.517,1,A,OK,,LR00203,KEAP1_QH5,KEAP1|6ZF3|QH5|1,KEAP1_QH5
KEAP1,6HWS,GX8,A:1002,1,700.958,Peptide-like Recruiter,46,22,272.852,0.478,0.522,46,0,22,272.852,0.478,0.522,1,A,OK,,LR00182,KEAP1_GX8,KEAP1|6HWS|GX8|1,KEAP1_GX8
KEAP1,6QMC,J6H,A:701,1,290.811,Drug-like Recruiter,19,9,83.961,0.474,0.526,19,0,9,83.961,0.474,0.526,1,A,OK,,LR00183,KEAP1_J6H,KEAP1|6QMC|J6H|1,KEAP1_J6H
KEAP1,5FNT,0PL,A:1615,1,522.176,Peptide-like Recruiter,34,16,161.556,0.471,0.529,34,0,16,161.556,0.471,0.529,1,A,OK,,LR00176,KEAP1_0PL,KEAP1|5FNT|0PL|1,KEAP1_0PL
KEAP1,7Q6S,91M,A:701,1,632.869,Peptide-like Recruiter,43,20,215.707,0.465,0.535,43,0,20,215.707,0.465,0.535,1,A,OK,,LR00225,KEAP1_91M,KEAP1|7Q6S|91M|1,KEAP1_91M
KEAP1,5FNU,L6I,A:1615,1,573.821,Peptide-like Recruiter,39,18,177.367,0.462,0.538,39,0,18,177.367,0.462,0.538,1,A,OK,,LR00177,KEAP1_L6I,KEAP1|5FNU|L6I|1,KEAP1_L6I
KEAP1,7P5K,5UZ,A:702,1,494.716,Drug-like Recruiter,35,16,157.074,0.457,0.543,35,0,16,157.074,0.457,0.543,1,A,OK,,LR00220,KEAP1_5UZ,KEAP1|7P5K|5UZ|1,KEAP1_5UZ
KEAP1,6QMD,J6N,A:702,1,330.88,Drug-like Recruiter,22,10,102.711,0.455,0.545,22,0,10,102.711,0.455,0.545,1,A,OK,,LR00184,KEAP1_J6N,KEAP1|6QMD|J6N|1,KEAP1_J6N
KEAP1,4ZY3,K67,A:702,1,610.924,Peptide-like Recruiter,40,18,200.427,0.45,0.55,40,0,18,200.427,0.45,0.55,1,A,OK,,LR00169,KEAP1_K67,KEAP1|4ZY3|K67|1,KEAP1_K67
KEAP1,5FNS,XYY,A:1614,1,454.057,Drug-like Recruiter,29,13,134.931,0.448,0.552,29,0,13,134.931,0.448,0.552,1,A,OK,,LR00175,KEAP1_XYY,KEAP1|5FNS|XYY|1,KEAP1_XYY
KEAP1,8IVR,SIU,A:701,1,381.601,Drug-like Recruiter,27,12,132.277,0.444,0.556,27,0,12,132.277,0.444,0.556,1,A,OK,,LR00232,KEAP1_SIU,KEAP1|8IVR|SIU|1,KEAP1_SIU
KEAP1,7Q8R,9IB,A:701,1,634.881,Peptide-like Recruiter,43,19,216.134,0.442,0.558,43,0,19,216.134,0.442,0.558,1,A,OK,,LR00226,KEAP1_9IB,KEAP1|7Q8R|9IB|1,KEAP1_9IB
KEAP1,8XGV,B14,A:701,1,486.713,Drug-like Recruiter,34,15,158.138,0.441,0.559,34,0,15,158.138,0.441,0.559,1,A,OK,,LR00235,KEAP1_B14,KEAP1|8XGV|B14|1,KEAP1_B14
KEAP1,6QME,J6Q,A:702,1,344.907,Drug-like Recruiter,23,10,133.798,0.435,0.565,23,0,10,133.798,0.435,0.565,1,A,OK,,LR00186,KEAP1_J6Q,KEAP1|6QME|J6Q|1,KEAP1_J6Q
KEAP1,6TYP,PKG,A:802,1,492.749,Drug-like Recruiter,35,15,139.931,0.429,0.571,35,0,15,139.931,0.429,0.571,1,A,OK,,LR00193,KEAP1_PKG,KEAP1|6TYP|PKG|1,KEAP1_PKG
KEAP1,8A46,L5F,A:701,1,616.866,Peptide-like Recruiter,42,18,165.664,0.429,0.571,42,0,18,165.664,0.429,0.571,1,A,OK,,LR00230,KEAP1_L5F,KEAP1|8A46|L5F|1,KEAP1_L5F
KEAP1,9HWU,A92,A:701,1,495.701,Drug-like Recruiter,35,15,144.682,0.429,0.571,35,0,15,144.682,0.429,0.571,1,A,OK,,LR00245,KEAP1_A92,KEAP1|9HWU|A92|1,KEAP1_A92
KEAP1,6QMK,J8H,A:702,1,559.794,Peptide-like Recruiter,38,16,173.336,0.421,0.579,38,0,16,173.336,0.421,0.579,1,A,OK,,LR00188,KEAP1_J8H,KEAP1|6QMK|J8H|1,KEAP1_J8H
KEAP1,6UF0,Q5V,A:701,1,667.854,Peptide-like Recruiter,43,18,176.622,0.419,0.581,43,0,18,176.622,0.419,0.581,1,A,OK,,LR00194,KEAP1_Q5V,KEAP1|6UF0|Q5V|1,KEAP1_Q5V
KEAP1,7XM2,GFD,A:701,1,627.915,Peptide-like Recruiter,41,17,168.909,0.415,0.585,41,0,17,168.909,0.415,0.585,1,A,OK,,LR00228,KEAP1_GFD,KEAP1|7XM2|GFD|1,KEAP1_GFD
KEAP1,5DAD,TX6,A:201,1,311.47,Drug-like Recruiter,22,9,137.238,0.409,0.591,22,0,9,137.238,0.409,0.591,1,A,OK,,LR00171,KEAP1_TX6,KEAP1|5DAD|TX6|1,KEAP1_TX6
KEAP1,4N1B,2FS,A:701,1,450.664,Drug-like Recruiter,32,13,145.424,0.406,0.594,32,0,13,145.424,0.406,0.594,1,A,OK,,LR00167,KEAP1_2FS,KEAP1|4N1B|2FS|1,KEAP1_2FS
KEAP1,4XMB,41P,A:701,1,642.926,Peptide-like Recruiter,42,17,162.331,0.405,0.595,42,0,17,162.331,0.405,0.595,1,A,OK,,LR00168,KEAP1_41P,KEAP1|4XMB|41P|1,KEAP1_41P
KEAP1,9HWT,A96,A:701,1,523.755,Peptide-like Recruiter,37,15,147.594,0.405,0.595,37,0,15,147.594,0.405,0.595,1,A,OK,,LR00244,KEAP1_A96,KEAP1|9HWT|A96|1,KEAP1_A96
KEAP1,6SP4,LQK,A:701,1,497.677,Drug-like Recruiter,35,14,143.246,0.4,0.6,35,0,14,143.246,0.4,0.6,1,A,OK,,LR00190,KEAP1_LQK,KEAP1|6SP4|LQK|1,KEAP1_LQK
KEAP1,9HWV,A93,A:701,1,495.701,Drug-like Recruiter,35,14,120.78,0.4,0.6,35,0,14,120.78,0.4,0.6,1,A,OK,,LR00246,KEAP1_A93,KEAP1|9HWV|A93|1,KEAP1_A93
KEAP1,8IXS,T6I,A:701,1,399.591,Drug-like Recruiter,28,11,124.53,0.393,0.607,28,0,11,124.53,0.393,0.607,1,A,OK,,LR00233,KEAP1_T6I,KEAP1|8IXS|T6I|1,KEAP1_T6I
KEAP1,6TYM,08A,A:704,2,506.776,Peptide-like Recruiter,36,14,145.306,0.389,0.611,36,0,14,145.306,0.389,0.611,1,A,OK,,LR00192,KEAP1_08A,KEAP1|6TYM|08A|2,KEAP1_08A
KEAP1,9HWW,A94,A:701,1,509.728,Peptide-like Recruiter,36,14,139.847,0.389,0.611,36,0,14,139.847,0.389,0.611,1,A,OK,,LR00247,KEAP1_A94,KEAP1|9HWW|A94|1,KEAP1_A94
KEAP1,7P5I,5X9,A:703,1,479.69,Drug-like Recruiter,34,13,133.502,0.382,0.618,34,0,13,133.502,0.382,0.618,1,A,OK,,LR00219,KEAP1_5X9,KEAP1|7P5I|5X9|1,KEAP1_5X9
KEAP1,4IFN,12O,A:701,1,466.663,Drug-like Recruiter,33,12,154.232,0.364,0.636,33,0,12,154.232,0.364,0.636,1,A,OK,,LR00161,KEAP1_12O,KEAP1|4IFN|12O|1,KEAP1_12O
KEAP1,4L7D,1VX,A:701,1,464.691,Drug-like Recruiter,33,12,150.119,0.364,0.636,33,0,12,150.119,0.364,0.636,1,A,OK,,LR00166,KEAP1_1VX,KEAP1|4L7D|1VX|1,KEAP1_1VX
KEAP1,7P5P,5RB,A:703,1,561.836,Peptide-like Recruiter,40,14,135.781,0.35,0.65,40,0,14,135.781,0.35,0.65,1,A,OK,,LR00222,KEAP1_5RB,KEAP1|7P5P|5RB|1,KEAP1_5RB
KEAP1,8XGK,B13,A:701,1,481.093,Drug-like Recruiter,32,11,111.426,0.344,0.656,32,0,11,111.426,0.344,0.656,1,A,OK,,LR00234,KEAP1_B13,KEAP1|8XGK|B13|1,KEAP1_B13
KEAP1,6SP1,LQ8,A:701,1,526.715,Peptide-like Recruiter,37,12,162.414,0.324,0.676,37,0,12,162.414,0.324,0.676,1,A,OK,,LR00189,KEAP1_LQ8,KEAP1|6SP1|LQ8|1,KEAP1_LQ8
KEAP1,9HWX,A97,A:701,1,523.755,Peptide-like Recruiter,37,12,134.218,0.324,0.676,37,0,12,134.218,0.324,0.676,1,A,OK,,LR00248,KEAP1_A97,KEAP1|9HWX|A97|1,KEAP1_A97
LIVIN,3UW5,CHG,A:2,1,143.23,Fragment Recruiter,10,9,139.88,0.9,0.1,10,0,9,139.88,0.9,0.1,1,A,OK,,LR00257,LIVIN_CHG,LIVIN|3UW5|CHG|1,LIVIN_CHG
LIVIN,3UW5,0DQ,A:4,1,187.312,Fragment Recruiter,12,9,136.777,0.75,0.25,12,0,9,136.777,0.75,0.25,1,A,OK,,LR00256,LIVIN_0DQ,LIVIN|3UW5|0DQ|1,LIVIN_0DQ
LIVIN,3GTA,851,A:1,1,522.844,Peptide-like Recruiter,36,22,305.989,0.611,0.389,36,0,22,305.989,0.611,0.389,1,A,OK,,LR00255,LIVIN_851,LIVIN|3GTA|851|1,LIVIN_851
LIVIN,3F7I,G13,A:1,1,494.765,Drug-like Recruiter,35,21,279.243,0.6,0.4,35,0,21,279.243,0.6,0.4,1,A,OK,,LR00253,LIVIN_G13,LIVIN|3F7I|G13|1,LIVIN_G13
LIVIN,3GT9,516,A:1,1,522.844,Peptide-like Recruiter,36,21,307.254,0.583,0.417,36,0,21,307.254,0.583,0.417,1,A,OK,,LR00254,LIVIN_516,LIVIN|3GT9|516|1,LIVIN_516
LIVIN,3F7H,419,A:1,1,536.846,Peptide-like Recruiter,38,21,330.438,0.553,0.447,38,0,21,330.438,0.553,0.447,1,A,OK,,LR00252,LIVIN_419,LIVIN|3F7H|419|1,LIVIN_419
LIVIN,2I3I,618,A:501,1,514.781,Peptide-like Recruiter,35,19,284.279,0.543,0.457,35,0,19,284.279,0.543,0.457,1,A,OK,,LR00251,LIVIN_618,LIVIN|2I3I|618|1,LIVIN_618
MDM2,9GFK,B21,A:10,2,146.234,Fragment Recruiter,10,10,325.213,1.0,0.0,10,0,10,325.213,1.0,0.0,1,A,OK,,LR00373,MDM2_B21,MDM2|9GFK|B21|2,MDM2_B21
MDM2,6H22,FL5,A:1001,1,463.739,Drug-like Recruiter,33,32,492.183,0.97,0.03,33,0,32,492.183,0.97,0.03,1,A,OK,,LR00339,MDM2_FL5,MDM2|6H22|FL5|1,MDM2_FL5
MDM2,3U15,03M,A:1,1,421.96,Drug-like Recruiter,28,27,328.164,0.964,0.036,28,0,27,328.164,0.964,0.036,1,A,OK,,LR00273,MDM2_03M,MDM2|3U15|03M|1,MDM2_03M
MDM2,3VBG,03M,A:1,1,421.96,Drug-like Recruiter,28,27,298.636,0.964,0.036,28,0,27,298.636,0.964,0.036,1,A,OK,,LR00274,MDM2_03M,MDM2|3VBG|03M|1,MDM2_03M
MDM2,3FEA,PM3,A:5,1,253.279,Drug-like Recruiter,16,15,318.271,0.938,0.062,16,0,15,318.271,0.938,0.062,1,A,OK,,LR00264,MDM2_PM3,MDM2|3FEA|PM3|1,MDM2_PM3
MDM2,8GCG,FX9,A:6,1,225.254,Drug-like Recruiter,15,14,259.37,0.933,0.067,15,0,14,259.37,0.933,0.067,1,A,OK,,LR00368,MDM2_FX9,MDM2|8GCG|FX9|1,MDM2_FX9
MDM2,4UMN,0EH,A:20,1,173.3,Fragment Recruiter,12,11,266.696,0.917,0.083,12,0,11,266.696,0.917,0.083,1,A,OK,,LR00312,MDM2_0EH,MDM2|4UMN|0EH|1,MDM2_0EH
MDM2,5XXK,0EH,A:20,1,173.3,Fragment Recruiter,12,11,271.14,0.917,0.083,12,0,11,271.14,0.917,0.083,1,A,OK,,LR00333,MDM2_0EH,MDM2|5XXK|0EH|1,MDM2_0EH
MDM2,6V4E,0EH,A:20,1,173.3,Fragment Recruiter,12,11,241.2,0.917,0.083,12,0,11,241.2,0.917,0.083,1,A,OK,,LR00350,MDM2_0EH,MDM2|6V4E|0EH|1,MDM2_0EH
MDM2,6V4G,0EH,A:20,1,173.3,Fragment Recruiter,12,11,262.481,0.917,0.083,12,0,11,262.481,0.917,0.083,1,A,OK,,LR00351,MDM2_0EH,MDM2|6V4G|0EH|1,MDM2_0EH
MDM2,8GJS,0EH,A:5,1,173.3,Fragment Recruiter,12,11,254.436,0.917,0.083,12,0,11,254.436,0.917,0.083,1,A,OK,,LR00369,MDM2_0EH,MDM2|8GJS|0EH|1,MDM2_0EH
MDM2,3IUX,HIA,A:18,1,160.221,Fragment Recruiter,11,10,166.23,0.909,0.091,11,0,10,166.23,0.909,0.091,1,A,OK,,LR00265,MDM2_HIA,MDM2|3IUX|HIA|1,MDM2_HIA
MDM2,4J74,I18,A:202,2,319.32,Drug-like Recruiter,20,18,286.671,0.9,0.1,20,0,18,286.671,0.9,0.1,1,A,OK,,LR00284,MDM2_I18,MDM2|4J74|I18|2,MDM2_I18
MDM2,3LBJ,WW8,A:112,2,655.844,Peptide-like Recruiter,44,39,486.328,0.886,0.114,44,0,39,486.328,0.886,0.114,1,A,OK,,LR00268,MDM2_WW8,MDM2|3LBJ|WW8|2,MDM2_WW8
MDM2,4N5T,0EH,A:20,1,173.3,Fragment Recruiter,12,10,185.338,0.833,0.167,12,0,10,185.338,0.833,0.167,1,A,OK,,LR00300,MDM2_0EH,MDM2|4N5T|0EH|1,MDM2_0EH
MDM2,5AFG,LAY,A:1,1,161.245,Fragment Recruiter,11,9,192.568,0.818,0.182,11,0,9,192.568,0.818,0.182,1,A,OK,,LR00318,MDM2_LAY,MDM2|5AFG|LAY|1,MDM2_LAY
MDM2,6Y4Q,O9E,A:1001,1,628.998,Peptide-like Recruiter,42,34,585.026,0.81,0.19,42,0,34,585.026,0.81,0.19,1,A,OK,,LR00352,MDM2_O9E,MDM2|6Y4Q|O9E|1,MDM2_O9E
MDM2,5AFG,P07,A:1030,1,362.566,Drug-like Recruiter,26,21,340.706,0.808,0.192,26,0,21,340.706,0.808,0.192,1,A,OK,,LR00319,MDM2_P07,MDM2|5AFG|P07|1,MDM2_P07
MDM2,6Q9Y,HRQ,A:201,1,365.562,Drug-like Recruiter,26,21,136.235,0.808,0.192,26,0,21,136.235,0.808,0.192,1,A,OK,,LR00349,MDM2_HRQ,MDM2|6Q9Y|HRQ|1,MDM2_HRQ
MDM2,2GV2,6CW,A:6,1,232.755,Drug-like Recruiter,15,12,207.476,0.8,0.2,15,0,12,207.476,0.8,0.2,1,A,OK,,LR00262,MDM2_6CW,MDM2|2GV2|6CW|1,MDM2_6CW
MDM2,3FEA,6CW,A:6,1,232.755,Drug-like Recruiter,15,12,206.703,0.8,0.2,15,0,12,206.703,0.8,0.2,1,A,OK,,LR00263,MDM2_6CW,MDM2|3FEA|6CW|1,MDM2_6CW
MDM2,4MDQ,28W,A:202,2,522.131,Peptide-like Recruiter,35,28,371.826,0.8,0.2,35,0,28,371.826,0.8,0.2,1,A,OK,,LR00299,MDM2_28W,MDM2|4MDQ|28W|2,MDM2_28W
MDM2,1RV1,IMZ,A:111,2,708.621,Peptide-like Recruiter,41,32,485.053,0.78,0.22,41,0,32,485.053,0.78,0.22,1,A,OK,,LR00259,MDM2_IMZ,MDM2|1RV1|IMZ|2,MDM2_IMZ
MDM2,6AAW,0EH,A:4,1,173.3,Fragment Recruiter,12,9,180.688,0.75,0.25,12,0,9,180.688,0.75,0.25,1,A,OK,,LR00337,MDM2_0EH,MDM2|6AAW|0EH|1,MDM2_0EH
MDM2,6KZU,E03,A:3,1,216.3,Drug-like Recruiter,15,11,124.35,0.733,0.267,15,0,11,124.35,0.733,0.267,1,A,OK,,LR00341,MDM2_E03,MDM2|6KZU|E03|1,MDM2_E03
MDM2,8AEU,M0L,A:302,1,619.719,Peptide-like Recruiter,41,30,392.014,0.732,0.268,41,0,30,392.014,0.732,0.268,1,A,OK,,LR00367,MDM2_M0L,MDM2|8AEU|M0L|1,MDM2_M0L
MDM2,5VK0,9E7,A:8,1,178.301,Fragment Recruiter,11,8,147.332,0.727,0.273,11,0,8,147.332,0.727,0.273,1,A,OK,,LR00331,MDM2_9E7,MDM2|5VK0|9E7|1,MDM2_9E7
MDM2,5VK1,9E7,A:4,1,178.301,Fragment Recruiter,11,8,163.167,0.727,0.273,11,0,8,163.167,0.727,0.273,1,A,OK,,LR00332,MDM2_9E7,MDM2|5VK1|9E7|1,MDM2_9E7
MDM2,8IA5,NUT,A:201,1,605.692,Peptide-like Recruiter,40,29,553.538,0.725,0.275,40,0,29,553.538,0.725,0.275,1,A,OK,,LR00371,MDM2_NUT,MDM2|8IA5|NUT|1,MDM2_NUT
MDM2,7NA1,1GI,A:201,1,528.207,Peptide-like Recruiter,35,25,232.06,0.714,0.286,35,0,25,232.06,0.714,0.286,1,A,OK,,LR00362,MDM2_1GI,MDM2|7NA1|1GI|1,MDM2_1GI
MDM2,7NA2,1I0,A:201,1,568.207,Peptide-like Recruiter,39,27,246.01,0.692,0.308,39,0,27,246.01,0.692,0.308,1,A,OK,,LR00363,MDM2_1I0,MDM2|7NA2|1I0|1,MDM2_1I0
MDM2,4ZYC,4SS,A:201,1,558.208,Peptide-like Recruiter,38,26,220.829,0.684,0.316,38,0,26,220.829,0.684,0.316,1,A,OK,,LR00315,MDM2_4SS,MDM2|4ZYC|4SS|1,MDM2_4SS
MDM2,2AXI,6CW,A:23,1,232.755,Drug-like Recruiter,15,10,167.106,0.667,0.333,15,0,10,167.106,0.667,0.333,1,A,OK,,LR00261,MDM2_6CW,MDM2|2AXI|6CW|1,MDM2_6CW
MDM2,7BJ0,TVH,A:201,1,535.553,Peptide-like Recruiter,35,23,348.902,0.657,0.343,35,0,23,348.902,0.657,0.343,1,A,OK,,LR00356,MDM2_TVH,MDM2|7BJ0|TVH|1,MDM2_TVH
MDM2,7C3Y,NUT,A:202,1,605.692,Peptide-like Recruiter,40,26,285.703,0.65,0.35,40,0,26,285.703,0.65,0.35,1,A,OK,,LR00360,MDM2_NUT,MDM2|7C3Y|NUT|1,MDM2_NUT
MDM2,7C44,NUT,A:201,1,605.692,Peptide-like Recruiter,40,26,281.724,0.65,0.35,40,0,26,281.724,0.65,0.35,1,A,OK,,LR00361,MDM2_NUT,MDM2|7C44|NUT|1,MDM2_NUT
MDM2,6Q9U,HRE,A:201,1,573.227,Peptide-like Recruiter,39,25,256.543,0.641,0.359,39,0,25,256.543,0.641,0.359,1,A,OK,,LR00347,MDM2_HRE,MDM2|6Q9U|HRE|1,MDM2_HRE
MDM2,7C3Q,NUT,A:202,1,605.692,Peptide-like Recruiter,40,25,287.375,0.625,0.375,40,0,25,287.375,0.625,0.375,1,A,OK,,LR00359,MDM2_NUT,MDM2|7C3Q|NUT|1,MDM2_NUT
MDM2,8HDG,NUT,A:201,1,605.692,Peptide-like Recruiter,40,25,295.996,0.625,0.375,40,0,25,295.996,0.625,0.375,1,A,OK,,LR00370,MDM2_NUT,MDM2|8HDG|NUT|1,MDM2_NUT
MDM2,4JV9,1MO,A:201,1,446.503,Drug-like Recruiter,29,18,197.453,0.621,0.379,29,0,18,197.453,0.621,0.379,1,A,OK,,LR00290,MDM2_1MO,MDM2|4JV9|1MO|1,MDM2_1MO
MDM2,4ZFI,4NJ,A:201,1,536.028,Peptide-like Recruiter,34,21,238.279,0.618,0.382,34,0,21,238.279,0.618,0.382,1,A,OK,,LR00313,MDM2_4NJ,MDM2|4ZFI|4NJ|1,MDM2_4NJ
MDM2,4ZYF,4T4,A:201,1,681.447,Peptide-like Recruiter,47,29,341.133,0.617,0.383,47,0,29,341.133,0.617,0.383,1,A,OK,,LR00316,MDM2_4T4,MDM2|4ZYF|4T4|1,MDM2_4T4
MDM2,5J7G,6GG,A:201,1,709.816,Peptide-like Recruiter,47,28,445.949,0.596,0.404,47,0,28,445.949,0.596,0.404,1,A,OK,,LR00322,MDM2_6GG,MDM2|5J7G|6GG|1,MDM2_6GG
MDM2,6Q9Q,HUE,A:201,1,695.909,Peptide-like Recruiter,47,28,309.433,0.596,0.404,47,0,28,309.433,0.596,0.404,1,A,OK,,LR00346,MDM2_HUE,MDM2|6Q9Q|HUE|1,MDM2_HUE
MDM2,4JV7,1MN,A:201,1,535.405,Peptide-like Recruiter,29,17,195.313,0.586,0.414,29,0,17,195.313,0.586,0.414,1,A,OK,,LR00289,MDM2_1MN,MDM2|4JV7|1MN|1,MDM2_1MN
MDM2,3JZK,YIN,A:1,1,560.419,Peptide-like Recruiter,31,18,170.641,0.581,0.419,31,0,18,170.641,0.581,0.419,1,A,OK,,LR00266,MDM2_YIN,MDM2|3JZK|YIN|1,MDM2_YIN
MDM2,4ZGK,4NX,A:201,1,522.985,Peptide-like Recruiter,33,19,239.442,0.576,0.424,33,0,19,239.442,0.576,0.424,1,A,OK,,LR00314,MDM2_4NX,MDM2|4ZGK|4NX|1,MDM2_4NX
MDM2,4J7E,I29,A:201,1,583.711,Peptide-like Recruiter,37,21,371.571,0.568,0.432,37,0,21,371.571,0.568,0.432,1,A,OK,,LR00286,MDM2_I29,MDM2|4J7E|I29|1,MDM2_I29
MDM2,4LWV,20W,A:201,1,641.722,Peptide-like Recruiter,41,23,226.771,0.561,0.439,41,0,23,226.771,0.561,0.439,1,A,OK,,LR00296,MDM2_20W,MDM2|4LWV|20W|1,MDM2_20W
MDM2,8PWC,G7I,A:201,1,615.662,Peptide-like Recruiter,41,23,219.097,0.561,0.439,41,0,23,219.097,0.561,0.439,1,A,OK,,LR00372,MDM2_G7I,MDM2|8PWC|G7I|1,MDM2_G7I
MDM2,4J7D,I31,A:201,1,515.654,Peptide-like Recruiter,34,19,212.68,0.559,0.441,34,0,19,212.68,0.559,0.441,1,A,OK,,LR00285,MDM2_I31,MDM2|4J7D|I31|1,MDM2_I31
MDM2,5J7F,6GG,A:201,1,709.816,Peptide-like Recruiter,47,26,389.767,0.553,0.447,47,0,26,389.767,0.553,0.447,1,A,OK,,LR00321,MDM2_6GG,MDM2|5J7F|6GG|1,MDM2_6GG
MDM2,7NA4,1I9,A:201,1,555.208,Peptide-like Recruiter,38,21,212.836,0.553,0.447,38,0,21,212.836,0.553,0.447,1,A,OK,,LR00365,MDM2_1I9,MDM2|7NA4|1I9|1,MDM2_1I9
MDM2,4J74,I18,A:201,1,319.32,Drug-like Recruiter,20,11,131.235,0.55,0.45,20,0,11,131.235,0.55,0.45,1,A,OK,,LR00283,MDM2_I18,MDM2|4J74|I18|1,MDM2_I18
MDM2,4ZYI,4TH,A:201,1,582.314,Peptide-like Recruiter,40,22,200.793,0.55,0.45,40,0,22,200.793,0.55,0.45,1,A,OK,,LR00317,MDM2_4TH,MDM2|4ZYI|4TH|1,MDM2_4TH
MDM2,4MDQ,28W,A:201,1,522.131,Peptide-like Recruiter,35,19,252.231,0.543,0.457,35,0,19,252.231,0.543,0.457,1,A,OK,,LR00298,MDM2_28W,MDM2|4MDQ|28W|1,MDM2_28W
MDM2,4OQ3,2V8,A:201,1,461.518,Drug-like Recruiter,30,16,153.751,0.533,0.467,30,0,16,153.751,0.533,0.467,1,A,OK,,LR00309,MDM2_2V8,MDM2|4OQ3|2V8|1,MDM2_2V8
MDM2,5XXK,6CW,A:23,1,232.755,Drug-like Recruiter,15,8,169.77,0.533,0.467,15,0,8,169.77,0.533,0.467,1,A,OK,,LR00334,MDM2_6CW,MDM2|5XXK|6CW|1,MDM2_6CW
MDM2,7NA3,1I3,A:201,1,529.17,Peptide-like Recruiter,36,19,203.948,0.528,0.472,36,0,19,203.948,0.528,0.472,1,A,OK,,LR00364,MDM2_1I3,MDM2|7NA3|1I3|1,MDM2_1I3
MDM2,4LWU,20U,A:201,1,607.683,Peptide-like Recruiter,40,21,234.898,0.525,0.475,40,0,21,234.898,0.525,0.475,1,A,OK,,LR00295,MDM2_20U,MDM2|4LWU|20U|1,MDM2_20U
MDM2,5ZXF,NUT,A:101,1,605.692,Peptide-like Recruiter,40,21,223.058,0.525,0.475,40,0,21,223.058,0.525,0.475,1,A,OK,,LR00336,MDM2_NUT,MDM2|5ZXF|NUT|1,MDM2_NUT
MDM2,4JRG,I09,A:201,1,536.629,Peptide-like Recruiter,35,18,276.632,0.514,0.486,35,0,18,276.632,0.514,0.486,1,A,OK,,LR00287,MDM2_I09,MDM2|4JRG|I09|1,MDM2_I09
MDM2,4QOC,35T,A:201,1,611.717,Peptide-like Recruiter,39,20,233.501,0.513,0.487,39,0,20,233.501,0.513,0.487,1,A,OK,,LR00311,MDM2_35T,MDM2|4QOC|35T|1,MDM2_35T
MDM2,6Q96,HRE,A:201,1,573.227,Peptide-like Recruiter,39,20,230.45,0.513,0.487,39,0,20,230.45,0.513,0.487,1,A,OK,,LR00342,MDM2_HRE,MDM2|6Q96|HRE|1,MDM2_HRE
MDM2,6Q9O,HU8,A:201,1,592.676,Peptide-like Recruiter,39,20,210.882,0.513,0.487,39,0,20,210.882,0.513,0.487,1,A,OK,,LR00345,MDM2_HU8,MDM2|6Q9O|HU8|1,MDM2_HU8
MDM2,3LBJ,WW8,A:1,1,655.844,Peptide-like Recruiter,44,22,276.775,0.5,0.5,44,0,22,276.775,0.5,0.5,1,A,OK,,LR00267,MDM2_WW8,MDM2|3LBJ|WW8|1,MDM2_WW8
MDM2,3LBK,K23,A:1,1,488.544,Drug-like Recruiter,32,16,161.752,0.5,0.5,32,0,16,161.752,0.5,0.5,1,A,OK,,LR00269,MDM2_K23,MDM2|3LBK|K23|1,MDM2_K23
MDM2,3TJ2,TJ2,A:1,1,496.52,Drug-like Recruiter,32,16,181.075,0.5,0.5,32,0,16,181.075,0.5,0.5,1,A,OK,,LR00271,MDM2_TJ2,MDM2|3TJ2|TJ2|1,MDM2_TJ2
MDM2,4HG7,NUT,A:201,1,605.692,Peptide-like Recruiter,40,20,254.84,0.5,0.5,40,0,20,254.84,0.5,0.5,1,A,OK,,LR00281,MDM2_NUT,MDM2|4HG7|NUT|1,MDM2_NUT
MDM2,5C5A,NUT,A:201,1,605.692,Peptide-like Recruiter,40,20,244.637,0.5,0.5,40,0,20,244.637,0.5,0.5,1,A,OK,,LR00320,MDM2_NUT,MDM2|5C5A|NUT|1,MDM2_NUT
MDM2,5OC8,9QW,A:201,1,579.614,Peptide-like Recruiter,38,19,184.084,0.5,0.5,38,0,19,184.084,0.5,0.5,1,A,OK,,LR00329,MDM2_9QW,MDM2|5OC8|9QW|1,MDM2_9QW
MDM2,5Z02,NUT,A:101,1,605.692,Peptide-like Recruiter,40,20,216.747,0.5,0.5,40,0,20,216.747,0.5,0.5,1,A,OK,,LR00335,MDM2_NUT,MDM2|5Z02|NUT|1,MDM2_NUT
MDM2,6Q9H,HRH,A:201,1,436.443,Drug-like Recruiter,28,14,138.678,0.5,0.5,28,0,14,138.678,0.5,0.5,1,A,OK,,LR00343,MDM2_HRH,MDM2|6Q9H|HRH|1,MDM2_HRH
MDM2,1RV1,IMZ,A:110,1,708.621,Peptide-like Recruiter,41,20,281.74,0.488,0.512,41,0,20,281.74,0.488,0.512,1,A,OK,,LR00258,MDM2_IMZ,MDM2|1RV1|IMZ|1,MDM2_IMZ
MDM2,5LAZ,6ST,A:201,1,588.636,Peptide-like Recruiter,39,19,207.047,0.487,0.513,39,0,19,207.047,0.487,0.513,1,A,OK,,LR00326,MDM2_6ST,MDM2|5LAZ|6ST|1,MDM2_6ST
MDM2,7QDQ,AU0,A:207,1,674.582,Peptide-like Recruiter,42,20,248.536,0.476,0.524,42,0,20,248.536,0.476,0.524,1,A,OK,,LR00366,MDM2_AU0,MDM2|7QDQ|AU0|1,MDM2_AU0
MDM2,7BIR,TUZ,A:203,1,580.613,Peptide-like Recruiter,38,18,175.319,0.474,0.526,38,0,18,175.319,0.474,0.526,1,A,OK,,LR00353,MDM2_TUZ,MDM2|7BIR|TUZ|1,MDM2_TUZ
MDM2,4JVE,1MQ,A:201,1,552.599,Peptide-like Recruiter,36,17,202.062,0.472,0.528,36,0,17,202.062,0.472,0.528,1,A,OK,,LR00291,MDM2_1MQ,MDM2|4JVE|1MQ|1,MDM2_1MQ
MDM2,7BIT,TV5,A:202,1,551.571,Peptide-like Recruiter,36,17,182.979,0.472,0.528,36,0,17,182.979,0.472,0.528,1,A,OK,,LR00354,MDM2_TV5,MDM2|7BIT|TV5|1,MDM2_TV5
MDM2,1T4E,DIZ,A:112,1,605.385,Peptide-like Recruiter,32,15,139.813,0.469,0.531,32,0,15,139.813,0.469,0.531,1,A,OK,,LR00260,MDM2_DIZ,MDM2|1T4E|DIZ|1,MDM2_DIZ
MDM2,3W69,LTZ,A:201,1,718.921,Peptide-like Recruiter,47,22,352.342,0.468,0.532,47,0,22,352.342,0.468,0.532,1,A,OK,,LR00276,MDM2_LTZ,MDM2|3W69|LTZ|1,MDM2_LTZ
MDM2,4LWT,20Q,A:201,1,433.464,Drug-like Recruiter,28,13,192.881,0.464,0.536,28,0,13,192.881,0.464,0.536,1,A,OK,,LR00294,MDM2_20Q,MDM2|4LWT|20Q|1,MDM2_20Q
MDM2,4JSC,1OY,A:201,1,572.609,Peptide-like Recruiter,37,17,245.87,0.459,0.541,37,0,17,245.87,0.459,0.541,1,A,OK,,LR00288,MDM2_1OY,MDM2|4JSC|1OY|1,MDM2_1OY
MDM2,7BMG,U3Z,A:204,1,540.229,Peptide-like Recruiter,37,17,199.27,0.459,0.541,37,0,17,199.27,0.459,0.541,1,A,OK,,LR00358,MDM2_U3Z,MDM2|7BMG|U3Z|1,MDM2_U3Z
MDM2,4J3E,NUT,A:201,1,605.692,Peptide-like Recruiter,40,18,244.089,0.45,0.55,40,0,18,244.089,0.45,0.55,1,A,OK,,LR00282,MDM2_NUT,MDM2|4J3E|NUT|1,MDM2_NUT
MDM2,4QO4,35S,A:201,1,573.69,Peptide-like Recruiter,38,17,176.514,0.447,0.553,38,0,17,176.514,0.447,0.553,1,A,OK,,LR00310,MDM2_35S,MDM2|4QO4|35S|1,MDM2_35S
MDM2,6Q9W,HRT,A:201,1,576.654,Peptide-like Recruiter,38,17,200.999,0.447,0.553,38,0,17,200.999,0.447,0.553,1,A,OK,,LR00348,MDM2_HRT,MDM2|6Q9W|HRT|1,MDM2_HRT
MDM2,4ERF,0R3,A:201,1,494.544,Drug-like Recruiter,32,14,171.921,0.438,0.562,32,0,14,171.921,0.438,0.562,1,A,OK,,LR00279,MDM2_0R3,MDM2|4ERF|0R3|1,MDM2_0R3
MDM2,7BJ6,TVK,A:207,1,565.598,Peptide-like Recruiter,37,16,199.262,0.432,0.568,37,0,16,199.262,0.432,0.568,1,A,OK,,LR00357,MDM2_TVK,MDM2|7BJ6|TVK|1,MDM2_TVK
MDM2,4DIJ,BLF,A:201,1,600.72,Peptide-like Recruiter,40,17,260.637,0.425,0.575,40,0,17,260.637,0.425,0.575,1,A,OK,,LR00277,MDM2_BLF,MDM2|4DIJ|BLF|1,MDM2_BLF
MDM2,4MDN,Y30,A:201,1,604.66,Peptide-like Recruiter,40,17,195.304,0.425,0.575,40,0,17,195.304,0.425,0.575,1,A,OK,,LR00297,MDM2_Y30,MDM2|4MDN|Y30|1,MDM2_Y30
MDM2,3VZV,VZV,A:200,1,591.734,Peptide-like Recruiter,38,16,232.604,0.421,0.579,38,0,16,232.604,0.421,0.579,1,A,OK,,LR00275,MDM2_VZV,MDM2|3VZV|VZV|1,MDM2_VZV
MDM2,6GGN,EYH,A:201,1,576.654,Peptide-like Recruiter,38,16,198.607,0.421,0.579,38,0,16,198.607,0.421,0.579,1,A,OK,,LR00338,MDM2_EYH,MDM2|6GGN|EYH|1,MDM2_EYH
MDM2,7BIV,TUW,A:206,1,560.195,Peptide-like Recruiter,38,16,191.564,0.421,0.579,38,0,16,191.564,0.421,0.579,1,A,OK,,LR00355,MDM2_TUW,MDM2|7BIV|TUW|1,MDM2_TUW
MDM2,3LBL,MI6,A:1,1,480.496,Drug-like Recruiter,31,13,153.13,0.419,0.581,31,0,13,153.13,0.419,0.581,1,A,OK,,LR00270,MDM2_MI6,MDM2|3LBL|MI6|1,MDM2_MI6
MDM2,4OCC,2TZ,A:201,1,574.652,Peptide-like Recruiter,36,15,197.89,0.417,0.583,36,0,15,197.89,0.417,0.583,1,A,OK,,LR00303,MDM2_2TZ,MDM2|4OCC|2TZ|1,MDM2_2TZ
MDM2,4OGV,2U7,A:501,1,574.652,Peptide-like Recruiter,36,15,270.466,0.417,0.583,36,0,15,270.466,0.417,0.583,1,A,OK,,LR00308,MDM2_2U7,MDM2|4OGV|2U7|1,MDM2_2U7
MDM2,5LN2,6ZT,A:201,1,617.747,Peptide-like Recruiter,41,17,273.429,0.415,0.585,41,0,17,273.429,0.415,0.585,1,A,OK,,LR00327,MDM2_6ZT,MDM2|5LN2|6ZT|1,MDM2_6ZT
MDM2,4JVR,1MT,A:201,1,523.565,Peptide-like Recruiter,34,14,208.812,0.412,0.588,34,0,14,208.812,0.412,0.588,1,A,OK,,LR00292,MDM2_1MT,MDM2|4JVR|1MT|1,MDM2_1MT
MDM2,5OAI,B5K,A:201,1,516.045,Peptide-like Recruiter,34,14,182.814,0.412,0.588,34,0,14,182.814,0.412,0.588,1,A,OK,,LR00328,MDM2_B5K,MDM2|5OAI|B5K|1,MDM2_B5K
MDM2,4OBA,2TW,A:501,1,586.663,Peptide-like Recruiter,37,15,206.716,0.405,0.595,37,0,15,206.716,0.405,0.595,1,A,OK,,LR00302,MDM2_2TW,MDM2|4OBA|2TW|1,MDM2_2TW
MDM2,4OAS,2SW,A:201,1,586.707,Peptide-like Recruiter,37,15,194.865,0.405,0.595,37,0,15,194.865,0.405,0.595,1,A,OK,,LR00301,MDM2_2SW,MDM2|4OAS|2SW|1,MDM2_2SW
MDM2,4ERE,0R2,A:201,1,538.597,Peptide-like Recruiter,35,14,193.231,0.4,0.6,35,0,14,193.231,0.4,0.6,1,A,OK,,LR00278,MDM2_0R2,MDM2|4ERE|0R2|1,MDM2_0R2
MDM2,4JWR,1MY,A:201,1,468.462,Drug-like Recruiter,30,12,179.894,0.4,0.6,30,0,12,179.894,0.4,0.6,1,A,OK,,LR00293,MDM2_1MY,MDM2|4JWR|1MY|1,MDM2_1MY
MDM2,5LAY,6SS,A:205,1,534.588,Peptide-like Recruiter,35,14,187.15,0.4,0.6,35,0,14,187.15,0.4,0.6,1,A,OK,,LR00325,MDM2_6SS,MDM2|5LAY|6SS|1,MDM2_6SS
MDM2,5TRF,7HC,A:201,1,578.641,Peptide-like Recruiter,38,15,166.24,0.395,0.605,38,0,15,166.24,0.395,0.605,1,A,OK,,LR00330,MDM2_7HC,MDM2|5TRF|7HC|1,MDM2_7HC
MDM2,3TU1,07G,A:1,1,498.055,Drug-like Recruiter,33,13,173.287,0.394,0.606,33,0,13,173.287,0.394,0.606,1,A,OK,,LR00272,MDM2_07G,MDM2|3TU1|07G|1,MDM2_07G
MDM2,5LAW,6SJ,A:201,1,502.527,Peptide-like Recruiter,33,13,143.575,0.394,0.606,33,0,13,143.575,0.394,0.606,1,A,OK,,LR00324,MDM2_6SJ,MDM2|5LAW|6SJ|1,MDM2_6SJ
MDM2,6I3S,H28,A:201,1,476.464,Drug-like Recruiter,31,12,123.45,0.387,0.613,31,0,12,123.45,0.387,0.613,1,A,OK,,LR00340,MDM2_H28,MDM2|6I3S|H28|1,MDM2_H28
MDM2,4ODF,2U1,A:201,1,683.824,Peptide-like Recruiter,44,17,211.335,0.386,0.614,44,0,17,211.335,0.386,0.614,1,A,OK,,LR00305,MDM2_2U1,MDM2|4ODF|2U1|1,MDM2_2U1
MDM2,4OGT,2U6,A:201,1,683.824,Peptide-like Recruiter,44,17,257.064,0.386,0.614,44,0,17,257.064,0.386,0.614,1,A,OK,,LR00307,MDM2_2U6,MDM2|4OGT|2U6|1,MDM2_2U6
MDM2,6Q9L,HTZ,A:201,1,685.87,Peptide-like Recruiter,46,17,261.208,0.37,0.63,46,0,17,261.208,0.37,0.63,1,A,OK,,LR00344,MDM2_HTZ,MDM2|6Q9L|HTZ|1,MDM2_HTZ
MDM2,4HBM,0Y7,A:201,1,466.49,Drug-like Recruiter,30,11,100.262,0.367,0.633,30,0,11,100.262,0.367,0.633,1,A,OK,,LR00280,MDM2_0Y7,MDM2|4HBM|0Y7|1,MDM2_0Y7
MDM2,4OGN,2U5,A:201,1,681.852,Peptide-like Recruiter,44,16,267.796,0.364,0.636,44,0,16,267.796,0.364,0.636,1,A,OK,,LR00306,MDM2_2U5,MDM2|4OGN|2U5|1,MDM2_2U5
MDM2,5LAV,6SK,A:201,1,432.48,Drug-like Recruiter,28,10,136.927,0.357,0.643,28,0,10,136.927,0.357,0.643,1,A,OK,,LR00323,MDM2_6SK,MDM2|5LAV|6SK|1,MDM2_6SK
MDM2,4ODE,2U0,A:201,1,717.882,Peptide-like Recruiter,45,15,216.779,0.333,0.667,45,0,15,216.779,0.333,0.667,1,A,OK,,LR00304,MDM2_2U0,MDM2|4ODE|2U0|1,MDM2_2U0
MDMX,3LBJ,WW8,A:112,1,655.844,Peptide-like Recruiter,44,39,486.328,0.886,0.114,44,0,39,486.328,0.886,0.114,1,A,OK,,LR00374,MDMX_WW8,MDMX|3LBJ|WW8|1,MDMX_WW8
MDMX,7C3Y,NUT,A:202,1,605.692,Peptide-like Recruiter,70,39,287.279,0.557,0.443,40,30,20,95.295,0.5,0.5,1,A,OK,,LR00376,MDMX_NUT,MDMX|7C3Y|NUT|1,MDMX_NUT
MDMX,7C3Q,NUT,A:202,1,605.692,Peptide-like Recruiter,70,37,297.796,0.529,0.471,40,30,20,110.059,0.5,0.5,1,A,OK,,LR00375,MDMX_NUT,MDMX|7C3Q|NUT|1,MDMX_NUT
MDMX,7C44,NUT,A:201,1,605.692,Peptide-like Recruiter,70,37,286.696,0.529,0.471,40,30,19,94.712,0.475,0.525,1,A,OK,,LR00377,MDMX_NUT,MDMX|7C44|NUT|1,MDMX_NUT
Parkin,8W31,D03,A:407,1,516.815,Peptide-like Recruiter,37,24,283.148,0.649,0.351,37,0,24,283.148,0.649,0.351,1,A,OK,,LR00378,Parkin_D03,Parkin|8W31|D03|1,Parkin_D03
RNF146,3V3L,V3L,A:1,1,571.414,Peptide-like Recruiter,36,16,182.31,0.444,0.556,36,0,16,182.31,0.444,0.556,1,A,OK,,LR00379,RNF146_V3L,RNF146|3V3L|V3L|1,RNF146_V3L
RNF146,4QPL,V3L,A:201,1,571.414,Peptide-like Recruiter,36,13,101.996,0.361,0.639,36,0,13,101.996,0.361,0.639,1,A,OK,,LR00380,RNF146_V3L,RNF146|4QPL|V3L|1,RNF146_V3L
SOCS2,7ZLN,JI9,A:201,1,540.629,Peptide-like Recruiter,36,29,259.227,0.806,0.194,36,0,29,259.227,0.806,0.194,1,A,OK,,LR00382,SOCS2_JI9,SOCS2|7ZLN|JI9|1,SOCS2_JI9
SOCS2,7ZLR,JH9,A:201,1,568.683,Peptide-like Recruiter,38,28,275.458,0.737,0.263,38,0,28,275.458,0.737,0.263,1,A,OK,,LR00385,SOCS2_JH9,SOCS2|7ZLR|JH9|1,SOCS2_JH9
SOCS2,7ZLP,JHR,A:201,1,526.602,Peptide-like Recruiter,35,25,251.737,0.714,0.286,35,0,25,251.737,0.714,0.286,1,A,OK,,LR00384,SOCS2_JHR,SOCS2|7ZLP|JHR|1,SOCS2_JHR
SOCS2,7ZLO,JI0,A:201,1,554.656,Peptide-like Recruiter,37,26,269.448,0.703,0.297,37,0,26,269.448,0.703,0.297,1,A,OK,,LR00383,SOCS2_JI0,SOCS2|7ZLO|JI0|1,SOCS2_JI0
SOCS2,7ZLS,JH9,A:202,1,568.683,Peptide-like Recruiter,38,24,248.436,0.632,0.368,38,0,24,248.436,0.632,0.368,1,A,OK,,LR00386,SOCS2_JH9,SOCS2|7ZLS|JH9|1,SOCS2_JH9
SOCS2,7ZLM,JIH,A:201,1,569.696,Peptide-like Recruiter,38,23,218.697,0.605,0.395,38,0,23,218.697,0.605,0.395,1,A,OK,,LR00381,SOCS2_JIH,SOCS2|7ZLM|JIH|1,SOCS2_JIH
TRIM21,7HMP,ZQA,A:203,2,187.312,Fragment Recruiter,12,12,140.167,1.0,0.0,12,0,12,140.167,1.0,0.0,1,A,OK,,LR00432,TRIM21_ZQA,TRIM21|7HMP|ZQA|2,TRIM21_ZQA
TRIM21,7HLP,A34,A:204,1,258.358,Drug-like Recruiter,18,17,181.019,0.944,0.056,18,0,17,181.019,0.944,0.056,1,A,OK,,LR00400,TRIM21_A34,TRIM21|7HLP|A34|1,TRIM21_A34
TRIM21,7HOA,WNY,A:202,1,246.782,Drug-like Recruiter,16,15,195.999,0.938,0.062,16,0,15,195.999,0.938,0.062,1,A,OK,,LR00484,TRIM21_WNY,TRIM21|7HOA|WNY|1,TRIM21_WNY
TRIM21,7HLL,J4Q,A:202,1,253.393,Drug-like Recruiter,15,14,279.48,0.933,0.067,15,0,14,279.48,0.933,0.067,1,A,OK,,LR00397,TRIM21_J4Q,TRIM21|7HLL|J4Q|1,TRIM21_J4Q
TRIM21,7HN1,A13,A:202,1,211.353,Drug-like Recruiter,15,14,211.174,0.933,0.067,15,0,14,211.174,0.933,0.067,1,A,OK,,LR00444,TRIM21_A13,TRIM21|7HN1|A13|1,TRIM21_A13
TRIM21,7HNH,A16,A:202,1,215.297,Drug-like Recruiter,15,14,245.505,0.933,0.067,15,0,14,245.505,0.933,0.067,1,A,OK,,LR00460,TRIM21_A16,TRIM21|7HNH|A16|1,TRIM21_A16
TRIM21,7HLA,A06,A:206,2,200.286,Drug-like Recruiter,14,13,139.196,0.929,0.071,14,0,13,139.196,0.929,0.071,1,A,OK,,LR00387,TRIM21_A06,TRIM21|7HLA|A06|2,TRIM21_A06
TRIM21,7HLG,A10,A:204,1,202.273,Drug-like Recruiter,14,13,187.523,0.929,0.071,14,0,13,187.523,0.929,0.071,1,A,OK,,LR00393,TRIM21_A10,TRIM21|7HLG|A10|1,TRIM21_A10
TRIM21,7HM7,A08,A:202,1,201.266,Drug-like Recruiter,14,13,138.77,0.929,0.071,14,0,13,138.77,0.929,0.071,1,A,OK,,LR00417,TRIM21_A08,TRIM21|7HM7|A08|1,TRIM21_A08
TRIM21,7HM6,A11,A:202,1,202.273,Drug-like Recruiter,14,13,194.444,0.929,0.071,14,0,13,194.444,0.929,0.071,1,A,OK,,LR00416,TRIM21_A11,TRIM21|7HM6|A11|1,TRIM21_A11
TRIM21,7HMG,WKS,A:202,1,198.314,Fragment Recruiter,14,13,137.643,0.929,0.071,14,0,13,137.643,0.929,0.071,1,A,OK,,LR00426,TRIM21_WKS,TRIM21|7HMG|WKS|1,TRIM21_WKS
TRIM21,7HNL,RWS,A:202,1,187.312,Fragment Recruiter,12,11,235.006,0.917,0.083,12,0,11,235.006,0.917,0.083,1,A,OK,,LR00464,TRIM21_RWS,TRIM21|7HNL|RWS|1,TRIM21_RWS
TRIM21,7HLE,UXG,A:201,1,251.414,Drug-like Recruiter,18,16,326.128,0.889,0.111,18,0,16,326.128,0.889,0.111,1,A,OK,,LR00391,TRIM21_UXG,TRIM21|7HLE|UXG|1,TRIM21_UXG
TRIM21,7HMY,ZTQ,A:202,1,255.378,Drug-like Recruiter,18,16,252.896,0.889,0.111,18,0,16,252.896,0.889,0.111,1,A,OK,,LR00441,TRIM21_ZTQ,TRIM21|7HMY|ZTQ|1,TRIM21_ZTQ
TRIM21,7HNQ,GX4,A:202,1,256.365,Drug-like Recruiter,18,16,262.964,0.889,0.111,18,0,16,262.964,0.889,0.111,1,A,OK,,LR00469,TRIM21_GX4,TRIM21|7HNQ|GX4|1,TRIM21_GX4
TRIM21,7HM5,Q4L,A:202,1,246.326,Drug-like Recruiter,17,15,225.727,0.882,0.118,17,0,15,225.727,0.882,0.118,1,A,OK,,LR00415,TRIM21_Q4L,TRIM21|7HM5|Q4L|1,TRIM21_Q4L
TRIM21,7HMO,O1M,A:202,1,231.315,Drug-like Recruiter,16,14,214.428,0.875,0.125,16,0,14,214.428,0.875,0.125,1,A,OK,,LR00431,TRIM21_O1M,TRIM21|7HMO|O1M|1,TRIM21_O1M
TRIM21,7HNR,NTV,A:401,1,247.766,Drug-like Recruiter,16,14,102.344,0.875,0.125,16,0,14,102.344,0.875,0.125,1,A,OK,,LR00470,TRIM21_NTV,TRIM21|7HNR|NTV|1,TRIM21_NTV
TRIM21,7HLI,A12,A:201,1,209.333,Drug-like Recruiter,15,13,174.354,0.867,0.133,15,0,13,174.354,0.867,0.133,1,A,OK,,LR00394,TRIM21_A12,TRIM21|7HLI|A12|1,TRIM21_A12
TRIM21,7HLT,K1G,A:203,2,213.329,Drug-like Recruiter,15,13,145.62,0.867,0.133,15,0,13,145.62,0.867,0.133,1,A,OK,,LR00404,TRIM21_K1G,TRIM21|7HLT|K1G|2,TRIM21_K1G
TRIM21,7HMD,H04,A:202,1,212.337,Drug-like Recruiter,15,13,152.708,0.867,0.133,15,0,13,152.708,0.867,0.133,1,A,OK,,LR00422,TRIM21_H04,TRIM21|7HMD|H04|1,TRIM21_H04
TRIM21,7HMF,RZJ,A:203,2,234.365,Drug-like Recruiter,15,13,120.026,0.867,0.133,15,0,13,120.026,0.867,0.133,1,A,OK,,LR00425,TRIM21_RZJ,TRIM21|7HMF|RZJ|2,TRIM21_RZJ
TRIM21,7HNA,WGM,A:202,1,216.3,Drug-like Recruiter,15,13,225.546,0.867,0.133,15,0,13,225.546,0.867,0.133,1,A,OK,,LR00454,TRIM21_WGM,TRIM21|7HNA|WGM|1,TRIM21_WGM
TRIM21,7HMI,A07,A:201,1,200.286,Drug-like Recruiter,14,12,139.43,0.857,0.143,14,0,12,139.43,0.857,0.143,1,A,OK,,LR00427,TRIM21_A07,TRIM21|7HMI|A07|1,TRIM21_A07
TRIM21,7HN4,VZY,A:202,1,203.282,Drug-like Recruiter,14,12,224.884,0.857,0.143,14,0,12,224.884,0.857,0.143,1,A,OK,,LR00447,TRIM21_VZY,TRIM21|7HN4|VZY|1,TRIM21_VZY
TRIM21,7HLO,A02,A:204,1,175.232,Fragment Recruiter,12,10,188.961,0.833,0.167,12,0,10,188.961,0.833,0.167,1,A,OK,,LR00399,TRIM21_A02,TRIM21|7HLO|A02|1,TRIM21_A02
TRIM21,7HM8,UVA,A:202,1,193.312,Fragment Recruiter,12,10,211.206,0.833,0.167,12,0,10,211.206,0.833,0.167,1,A,OK,,LR00418,TRIM21_UVA,TRIM21|7HM8|UVA|1,TRIM21_UVA
TRIM21,7HNO,RV4,A:202,1,242.363,Drug-like Recruiter,17,14,178.145,0.824,0.176,17,0,14,178.145,0.824,0.176,1,A,OK,,LR00467,TRIM21_RV4,TRIM21|7HNO|RV4|1,TRIM21_RV4
TRIM21,7HNU,GQJ,A:202,1,247.291,Drug-like Recruiter,17,14,170.251,0.824,0.176,17,0,14,170.251,0.824,0.176,1,A,OK,,LR00472,TRIM21_GQJ,TRIM21|7HNU|GQJ|1,TRIM21_GQJ
TRIM21,7HO9,E18,A:201,1,156.273,Fragment Recruiter,11,9,122.038,0.818,0.182,11,0,9,122.038,0.818,0.182,1,A,OK,,LR00483,TRIM21_E18,TRIM21|7HO9|E18|1,TRIM21_E18
TRIM21,7HNP,NUY,A:202,1,244.404,Drug-like Recruiter,16,13,106.842,0.812,0.188,16,0,13,106.842,0.812,0.188,1,A,OK,,LR00468,TRIM21_NUY,TRIM21|7HNP|NUY|1,TRIM21_NUY
TRIM21,7HLF,A18,A:204,1,216.3,Drug-like Recruiter,15,12,198.463,0.8,0.2,15,0,12,198.463,0.8,0.2,1,A,OK,,LR00392,TRIM21_A18,TRIM21|7HLF|A18|1,TRIM21_A18
TRIM21,7HLJ,TU6,A:202,1,213.325,Drug-like Recruiter,15,12,201.946,0.8,0.2,15,0,12,201.946,0.8,0.2,1,A,OK,,LR00395,TRIM21_TU6,TRIM21|7HLJ|TU6|1,TRIM21_TU6
TRIM21,7HLT,K1G,A:202,1,213.329,Drug-like Recruiter,15,12,175.898,0.8,0.2,15,0,12,175.898,0.8,0.2,1,A,OK,,LR00403,TRIM21_K1G,TRIM21|7HLT|K1G|1,TRIM21_K1G
TRIM21,7HLV,A28,A:203,2,233.337,Drug-like Recruiter,15,12,121.863,0.8,0.2,15,0,12,121.863,0.8,0.2,1,A,OK,,LR00407,TRIM21_A28,TRIM21|7HLV|A28|2,TRIM21_A28
TRIM21,7HMZ,A35,A:202,1,275.364,Drug-like Recruiter,19,15,190.767,0.789,0.211,19,0,15,190.767,0.789,0.211,1,A,OK,,LR00442,TRIM21_A35,TRIM21|7HMZ|A35|1,TRIM21_A35
TRIM21,7HMM,W0Y,A:201,1,224.326,Drug-like Recruiter,14,11,150.965,0.786,0.214,14,0,11,150.965,0.786,0.214,1,A,OK,,LR00430,TRIM21_W0Y,TRIM21|7HMM|W0Y|1,TRIM21_W0Y
TRIM21,7HNG,O3D,A:201,1,221.322,Drug-like Recruiter,14,11,85.504,0.786,0.214,14,0,11,85.504,0.786,0.214,1,A,OK,,LR00459,TRIM21_O3D,TRIM21|7HNG|O3D|1,TRIM21_O3D
TRIM21,7HO4,LL0,A:202,1,231.264,Drug-like Recruiter,14,11,135.028,0.786,0.214,14,0,11,135.028,0.786,0.214,1,A,OK,,LR00478,TRIM21_LL0,TRIM21|7HO4|LL0|1,TRIM21_LL0
TRIM21,7HLU,S0V,A:202,2,205.283,Drug-like Recruiter,13,10,125.253,0.769,0.231,13,0,10,125.253,0.769,0.231,1,A,OK,,LR00406,TRIM21_S0V,TRIM21|7HLU|S0V|2,TRIM21_S0V
TRIM21,7HM3,K6U,A:202,1,186.255,Fragment Recruiter,13,10,137.243,0.769,0.231,13,0,10,137.243,0.769,0.231,1,A,OK,,LR00413,TRIM21_K6U,TRIM21|7HM3|K6U|1,TRIM21_K6U
TRIM21,7HMR,A03,A:201,1,184.283,Fragment Recruiter,13,10,102.283,0.769,0.231,13,0,10,102.283,0.769,0.231,1,A,OK,,LR00434,TRIM21_A03,TRIM21|7HMR|A03|1,TRIM21_A03
TRIM21,7HN5,JFM,A:201,1,207.339,Drug-like Recruiter,13,10,89.593,0.769,0.231,13,0,10,89.593,0.769,0.231,1,A,OK,,LR00448,TRIM21_JFM,TRIM21|7HN5|JFM|1,TRIM21_JFM
TRIM21,7HMV,U2R,A:201,1,178.203,Fragment Recruiter,12,9,98.528,0.75,0.25,12,0,9,98.528,0.75,0.25,1,A,OK,,LR00438,TRIM21_U2R,TRIM21|7HMV|U2R|1,TRIM21_U2R
TRIM21,7HMU,W1A,A:201,1,194.3,Fragment Recruiter,12,9,125.575,0.75,0.25,12,0,9,125.575,0.75,0.25,1,A,OK,,LR00437,TRIM21_W1A,TRIM21|7HMU|W1A|1,TRIM21_W1A
TRIM21,7HO8,O1J,A:201,1,174.24,Fragment Recruiter,12,9,111.811,0.75,0.25,12,0,9,111.811,0.75,0.25,1,A,OK,,LR00482,TRIM21_O1J,TRIM21|7HO8|O1J|1,TRIM21_O1J
TRIM21,7HLC,UWS,A:202,1,215.297,Drug-like Recruiter,15,11,170.908,0.733,0.267,15,0,11,170.908,0.733,0.267,1,A,OK,,LR00389,TRIM21_UWS,TRIM21|7HLC|UWS|1,TRIM21_UWS
TRIM21,7HMF,RZJ,A:202,1,234.365,Drug-like Recruiter,15,11,102.42,0.733,0.267,15,0,11,102.42,0.733,0.267,1,A,OK,,LR00424,TRIM21_RZJ,TRIM21|7HMF|RZJ|1,TRIM21_RZJ
TRIM21,7HN6,A17,A:301,1,216.281,Drug-like Recruiter,15,11,137.58,0.733,0.267,15,0,11,137.58,0.733,0.267,1,A,OK,,LR00449,TRIM21_A17,TRIM21|7HN6|A17|1,TRIM21_A17
TRIM21,7HN9,A26,A:201,1,230.377,Drug-like Recruiter,15,11,139.743,0.733,0.267,15,0,11,139.743,0.733,0.267,1,A,OK,,LR00453,TRIM21_A26,TRIM21|7HN9|A26|1,TRIM21_A26
TRIM21,7HO6,A15,A:201,1,214.309,Drug-like Recruiter,15,11,109.455,0.733,0.267,15,0,11,109.455,0.733,0.267,1,A,OK,,LR00480,TRIM21_A15,TRIM21|7HO6|A15|1,TRIM21_A15
TRIM21,7HO7,JFP,A:202,1,176.285,Fragment Recruiter,11,8,126.479,0.727,0.273,11,0,8,126.479,0.727,0.273,1,A,OK,,LR00481,TRIM21_JFP,TRIM21|7HO7|JFP|1,TRIM21_JFP
TRIM21,7HLP,A34,A:205,2,258.358,Drug-like Recruiter,18,13,130.814,0.722,0.278,18,0,13,130.814,0.722,0.278,1,A,OK,,LR00401,TRIM21_A34,TRIM21|7HLP|A34|2,TRIM21_A34
TRIM21,7HM2,NZJ,A:201,1,256.39,Drug-like Recruiter,18,13,164.574,0.722,0.278,18,0,13,164.574,0.722,0.278,1,A,OK,,LR00412,TRIM21_NZJ,TRIM21|7HM2|NZJ|1,TRIM21_NZJ
TRIM21,7HM1,VWV,A:201,1,225.31,Drug-like Recruiter,14,10,94.989,0.714,0.286,14,0,10,94.989,0.714,0.286,1,A,OK,,LR00411,TRIM21_VWV,TRIM21|7HM1|VWV|1,TRIM21_VWV
TRIM21,7HN2,A20,A:202,1,217.338,Drug-like Recruiter,14,10,183.58,0.714,0.286,14,0,10,183.58,0.714,0.286,1,A,OK,,LR00445,TRIM21_A20,TRIM21|7HN2|A20|1,TRIM21_A20
TRIM21,7HN8,A23,A:402,2,221.366,Drug-like Recruiter,14,10,113.091,0.714,0.286,14,0,10,113.091,0.714,0.286,1,A,OK,,LR00452,TRIM21_A23,TRIM21|7HN8|A23|2,TRIM21_A23
TRIM21,7HNC,TV9,A:201,1,198.31,Fragment Recruiter,14,10,107.075,0.714,0.286,14,0,10,107.075,0.714,0.286,1,A,OK,,LR00456,TRIM21_TV9,TRIM21|7HNC|TV9|1,TRIM21_TV9
TRIM21,7HNI,NUA,A:202,1,199.298,Fragment Recruiter,14,10,125.5,0.714,0.286,14,0,10,125.5,0.714,0.286,1,A,OK,,LR00461,TRIM21_NUA,TRIM21|7HNI|NUA|1,TRIM21_NUA
TRIM21,7HNX,WHP,A:201,1,241.784,Drug-like Recruiter,14,10,84.238,0.714,0.286,14,0,10,84.238,0.714,0.286,1,A,OK,,LR00474,TRIM21_WHP,TRIM21|7HNX|WHP|1,TRIM21_WHP
TRIM21,7HMQ,E15,A:201,1,160.286,Fragment Recruiter,10,7,87.607,0.7,0.3,10,0,7,87.607,0.7,0.3,1,A,OK,,LR00433,TRIM21_E15,TRIM21|7HMQ|E15|1,TRIM21_E15
TRIM21,7HMT,A04,A:201,1,184.283,Fragment Recruiter,13,9,141.979,0.692,0.308,13,0,9,141.979,0.692,0.308,1,A,OK,,LR00436,TRIM21_A04,TRIM21|7HMT|A04|1,TRIM21_A04
TRIM21,7HNB,T9Q,A:201,1,187.283,Fragment Recruiter,13,9,66.601,0.692,0.308,13,0,9,66.601,0.692,0.308,1,A,OK,,LR00455,TRIM21_T9Q,TRIM21|7HNB|T9Q|1,TRIM21_T9Q
TRIM21,7HLN,E14,A:201,1,233.337,Drug-like Recruiter,15,10,140.354,0.667,0.333,15,0,10,140.354,0.667,0.333,1,A,OK,,LR00398,TRIM21_E14,TRIM21|7HLN|E14|1,TRIM21_E14
TRIM21,7HLQ,JMM,A:202,1,256.346,Drug-like Recruiter,18,12,203.355,0.667,0.333,18,0,12,203.355,0.667,0.333,1,A,OK,,LR00402,TRIM21_JMM,TRIM21|7HLQ|JMM|1,TRIM21_JMM
TRIM21,7HLX,UXA,A:202,1,213.277,Drug-like Recruiter,15,10,159.042,0.667,0.333,15,0,10,159.042,0.667,0.333,1,A,OK,,LR00409,TRIM21_UXA,TRIM21|7HLX|UXA|1,TRIM21_UXA
TRIM21,7HMA,LV4,A:202,1,244.282,Drug-like Recruiter,15,10,159.8,0.667,0.333,15,0,10,159.8,0.667,0.333,1,A,OK,,LR00420,TRIM21_LV4,TRIM21|7HMA|LV4|1,TRIM21_LV4
TRIM21,7HN3,A01,A:202,1,172.232,Fragment Recruiter,12,8,117.757,0.667,0.333,12,0,8,117.757,0.667,0.333,1,A,OK,,LR00446,TRIM21_A01,TRIM21|7HN3|A01|1,TRIM21_A01
TRIM21,7HNJ,E16,A:201,1,215.297,Drug-like Recruiter,15,10,103.286,0.667,0.333,15,0,10,103.286,0.667,0.333,1,A,OK,,LR00462,TRIM21_E16,TRIM21|7HNJ|E16|1,TRIM21_E16
TRIM21,7HNW,A30,A:201,1,235.349,Drug-like Recruiter,15,10,102.494,0.667,0.333,15,0,10,102.494,0.667,0.333,1,A,OK,,LR00473,TRIM21_A30,TRIM21|7HNW|A30|1,TRIM21_A30
TRIM21,7HMK,SFY,A:202,1,263.407,Drug-like Recruiter,17,11,106.138,0.647,0.353,17,0,11,106.138,0.647,0.353,1,A,OK,,LR00429,TRIM21_SFY,TRIM21|7HMK|SFY|1,TRIM21_SFY
TRIM21,7HLB,S9S,A:401,1,225.329,Drug-like Recruiter,14,9,88.416,0.643,0.357,14,0,9,88.416,0.643,0.357,1,A,OK,,LR00388,TRIM21_S9S,TRIM21|7HLB|S9S|1,TRIM21_S9S
TRIM21,7HM0,A09,A:201,1,201.314,Drug-like Recruiter,14,9,123.062,0.643,0.357,14,0,9,123.062,0.643,0.357,1,A,OK,,LR00410,TRIM21_A09,TRIM21|7HM0|A09|1,TRIM21_A09
TRIM21,7HMB,B1J,A:201,1,219.716,Drug-like Recruiter,14,9,73.262,0.643,0.357,14,0,9,73.262,0.643,0.357,1,A,OK,,LR00421,TRIM21_B1J,TRIM21|7HMB|B1J|1,TRIM21_B1J
TRIM21,7HN8,A23,A:401,1,221.366,Drug-like Recruiter,14,9,90.418,0.643,0.357,14,0,9,90.418,0.643,0.357,1,A,OK,,LR00451,TRIM21_A23,TRIM21|7HN8|A23|1,TRIM21_A23
TRIM21,7HN7,K2M,A:202,1,231.296,Drug-like Recruiter,16,10,167.038,0.625,0.375,16,0,10,167.038,0.625,0.375,1,A,OK,,LR00450,TRIM21_K2M,TRIM21|7HN7|K2M|1,TRIM21_K2M
TRIM21,7HM4,VW4,A:201,1,207.339,Drug-like Recruiter,13,8,75.607,0.615,0.385,13,0,8,75.607,0.615,0.385,1,A,OK,,LR00414,TRIM21_VW4,TRIM21|7HM4|VW4|1,TRIM21_VW4
TRIM21,7HMJ,K1P,A:201,1,202.327,Drug-like Recruiter,13,8,105.017,0.615,0.385,13,0,8,105.017,0.615,0.385,1,A,OK,,LR00428,TRIM21_K1P,TRIM21|7HMJ|K1P|1,TRIM21_K1P
TRIM21,7HLD,U0S,A:202,1,211.309,Drug-like Recruiter,15,9,109.826,0.6,0.4,15,0,9,109.826,0.6,0.4,1,A,OK,,LR00390,TRIM21_U0S,TRIM21|7HLD|U0S|1,TRIM21_U0S
TRIM21,7HM9,A14,A:401,1,212.337,Drug-like Recruiter,15,9,84.192,0.6,0.4,15,0,9,84.192,0.6,0.4,1,A,OK,,LR00419,TRIM21_A14,TRIM21|7HM9|A14|1,TRIM21_A14
TRIM21,7HN0,Q49,A:201,1,217.284,Drug-like Recruiter,15,9,123.695,0.6,0.4,15,0,9,123.695,0.6,0.4,1,A,OK,,LR00443,TRIM21_Q49,TRIM21|7HN0|Q49|1,TRIM21_Q49
TRIM21,9Q9R,B02,A:201,1,627.912,Peptide-like Recruiter,44,26,372.205,0.591,0.409,44,0,26,372.205,0.591,0.409,1,A,OK,,LR00491,TRIM21_B02,TRIM21|9Q9R|B02|1,TRIM21_B02
TRIM21,7HMX,WJA,A:202,1,196.272,Fragment Recruiter,12,7,109.628,0.583,0.417,12,0,7,109.628,0.583,0.417,1,A,OK,,LR00440,TRIM21_WJA,TRIM21|7HMX|WJA|1,TRIM21_WJA
TRIM21,7HNE,A24,A:301,1,222.31,Drug-like Recruiter,14,8,110.93,0.571,0.429,14,0,8,110.93,0.571,0.429,1,A,OK,,LR00457,TRIM21_A24,TRIM21|7HNE|A24|1,TRIM21_A24
TRIM21,7HNN,JGP,A:201,1,255.358,Drug-like Recruiter,18,10,137.498,0.556,0.444,18,0,10,137.498,0.556,0.444,1,A,OK,,LR00466,TRIM21_JGP,TRIM21|7HNN|JGP|1,TRIM21_JGP
TRIM21,7HLU,S0V,A:201,1,205.283,Drug-like Recruiter,13,7,111.683,0.538,0.462,13,0,7,111.683,0.538,0.462,1,A,OK,,LR00405,TRIM21_S0V,TRIM21|7HLU|S0V|1,TRIM21_S0V
TRIM21,9Q9O,B00,A:201,1,548.861,Peptide-like Recruiter,39,21,206.829,0.538,0.462,39,0,21,206.829,0.538,0.462,1,A,OK,,LR00488,TRIM21_B00,TRIM21|9Q9O|B00|1,TRIM21_B00
TRIM21,9Q9P,B01,A:201,1,553.833,Peptide-like Recruiter,39,21,282.811,0.538,0.462,39,0,21,282.811,0.538,0.462,1,A,OK,,LR00489,TRIM21_B01,TRIM21|9Q9P|B01|1,TRIM21_B01
TRIM21,7HLK,UUP,A:205,1,212.297,Drug-like Recruiter,15,8,151.953,0.533,0.467,15,0,8,151.953,0.533,0.467,1,A,OK,,LR00396,TRIM21_UUP,TRIM21|7HLK|UUP|1,TRIM21_UUP
TRIM21,7HNF,A21,A:201,1,218.272,Drug-like Recruiter,15,8,121.336,0.533,0.467,15,0,8,121.336,0.533,0.467,1,A,OK,,LR00458,TRIM21_A21,TRIM21|7HNF|A21|1,TRIM21_A21
TRIM21,7HNM,A29,A:401,1,233.337,Drug-like Recruiter,15,8,138.696,0.533,0.467,15,0,8,138.696,0.533,0.467,1,A,OK,,LR00465,TRIM21_A29,TRIM21|7HNM|A29|1,TRIM21_A29
TRIM21,7HO3,A32,A:201,1,238.353,Drug-like Recruiter,15,8,108.001,0.533,0.467,15,0,8,108.001,0.533,0.467,1,A,OK,,LR00477,TRIM21_A32,TRIM21|7HO3|A32|1,TRIM21_A32
TRIM21,8Y58,PMZ,A:201,1,340.577,Drug-like Recruiter,23,12,115.876,0.522,0.478,23,0,12,115.876,0.522,0.478,1,A,OK,,LR00485,TRIM21_PMZ,TRIM21|8Y58|PMZ|1,TRIM21_PMZ
TRIM21,7HO1,A25,A:202,1,223.342,Drug-like Recruiter,14,7,135.076,0.5,0.5,14,0,7,135.076,0.5,0.5,1,A,OK,,LR00476,TRIM21_A25,TRIM21|7HO1|A25|1,TRIM21_A25
TRIM21,7HO5,UXD,A:202,1,171.244,Fragment Recruiter,12,6,108.318,0.5,0.5,12,0,6,108.318,0.5,0.5,1,A,OK,,LR00479,TRIM21_UXD,TRIM21|7HO5|UXD|1,TRIM21_UXD
TRIM21,9Q9Q,A95,A:201,1,511.752,Peptide-like Recruiter,36,18,216.642,0.5,0.5,36,0,18,216.642,0.5,0.5,1,A,OK,,LR00490,TRIM21_A95,TRIM21|9Q9Q|A95|1,TRIM21_A95
TRIM21,7HLW,A31,A:201,1,238.353,Drug-like Recruiter,15,7,115.334,0.467,0.533,15,0,7,115.334,0.467,0.533,1,A,OK,,LR00408,TRIM21_A31,TRIM21|7HLW|A31|1,TRIM21_A31
TRIM21,7HME,RXS,A:202,1,211.353,Drug-like Recruiter,15,7,144.594,0.467,0.533,15,0,7,144.594,0.467,0.533,1,A,OK,,LR00423,TRIM21_RXS,TRIM21|7HME|RXS|1,TRIM21_RXS
TRIM21,7HNK,WKG,A:201,1,211.349,Drug-like Recruiter,15,7,100.233,0.467,0.533,15,0,7,100.233,0.467,0.533,1,A,OK,,LR00463,TRIM21_WKG,TRIM21|7HNK|WKG|1,TRIM21_WKG
TRIM21,7HNS,LQP,A:202,1,221.247,Drug-like Recruiter,15,7,143.707,0.467,0.533,15,0,7,143.707,0.467,0.533,1,A,OK,,LR00471,TRIM21_LQP,TRIM21|7HNS|LQP|1,TRIM21_LQP
TRIM21,7HO0,E17,A:401,1,238.353,Drug-like Recruiter,15,7,102.168,0.467,0.533,15,0,7,102.168,0.467,0.533,1,A,OK,,LR00475,TRIM21_E17,TRIM21|7HO0|E17|1,TRIM21_E17
TRIM21,9QBA,A89,A:501,1,451.714,Drug-like Recruiter,29,13,92.662,0.448,0.552,29,0,13,92.662,0.448,0.552,1,A,OK,,LR00492,TRIM21_A89,TRIM21|9QBA|A89|1,TRIM21_A89
TRIM21,7HMS,T6J,A:201,1,220.338,Drug-like Recruiter,14,6,75.497,0.429,0.571,14,0,6,75.497,0.429,0.571,1,A,OK,,LR00435,TRIM21_T6J,TRIM21|7HMS|T6J|1,TRIM21_T6J
TRIM21,7HMW,S7G,A:201,1,198.31,Fragment Recruiter,14,6,87.654,0.429,0.571,14,0,6,87.654,0.429,0.571,1,A,OK,,LR00439,TRIM21_S7G,TRIM21|7HMW|S7G|1,TRIM21_S7G
TRIM21,9EK5,A42,A:501,1,433.012,Drug-like Recruiter,29,12,139.862,0.414,0.586,29,0,12,139.862,0.414,0.586,1,A,OK,,LR00486,TRIM21_A42,TRIM21|9EK5|A42|1,TRIM21_A42
TRIM21,9M3N,A61,A:501,1,445.614,Drug-like Recruiter,31,9,99.671,0.29,0.71,31,0,9,99.671,0.29,0.71,1,A,OK,,LR00487,TRIM21_A61,TRIM21|9M3N|A61|1,TRIM21_A61
TRIM24,4YAB,4CN,A:1103,1,256.415,Drug-like Recruiter,17,12,162.27,0.706,0.294,17,0,12,162.27,0.706,0.294,1,A,OK,,LR00493,TRIM24_4CN,TRIM24|4YAB|4CN|1,TRIM24_4CN
TRIM24,4YC9,4C1,A:1104,1,664.951,Peptide-like Recruiter,45,28,394.422,0.622,0.378,45,0,28,394.422,0.622,0.378,1,A,OK,,LR00494,TRIM24_4C1,TRIM24|4YC9|4C1|1,TRIM24_4C1
VHL,9GIO,A84,A:302,1,380.555,Drug-like Recruiter,25,24,364.2,0.96,0.04,25,0,24,364.2,0.96,0.04,1,A,OK,,LR00550,VHL_A84,VHL|9GIO|A84|1,VHL_A84
VHL,9GHX,REI,A:206,1,367.419,Drug-like Recruiter,13,11,160.362,0.846,0.154,13,0,11,160.362,0.846,0.154,1,A,OK,,LR00548,VHL_REI,VHL|9GHX|REI|1,VHL_REI
VHL,9GHX,VHL,A:204,1,421.515,Drug-like Recruiter,17,13,295.507,0.765,0.235,17,0,13,295.507,0.765,0.235,1,A,OK,,LR00549,VHL_VHL,VHL|9GHX|VHL|1,VHL_VHL
VHL,8QCU,VHL,A:206,1,421.515,Drug-like Recruiter,17,12,214.105,0.706,0.294,17,0,12,214.105,0.706,0.294,1,A,OK,,LR00540,VHL_VHL,VHL|8QCU|VHL|1,VHL_VHL
VHL,9F1N,A76,A:206,1,664.037,Peptide-like Recruiter,47,33,420.3,0.702,0.298,47,0,33,420.3,0.702,0.298,1,A,OK,,LR00547,VHL_A76,VHL|9F1N|A76|1,VHL_A76
VHL,9F1M,A75,A:503,1,650.01,Peptide-like Recruiter,46,32,378.995,0.696,0.304,46,0,32,378.995,0.696,0.304,1,A,OK,,LR00546,VHL_A75,VHL|9F1M|A75|1,VHL_A75
VHL,8QCU,REI,A:207,1,367.419,Drug-like Recruiter,13,9,155.919,0.692,0.308,13,0,9,155.919,0.692,0.308,1,A,OK,,LR00539,VHL_REI,VHL|8QCU|REI|1,VHL_REI
VHL,9OIO,A51,A:301,1,242.382,Drug-like Recruiter,17,11,156.878,0.647,0.353,17,0,11,156.878,0.647,0.353,1,A,OK,,LR00551,VHL_A51,VHL|9OIO|A51|1,VHL_A51
VHL,3ZUN,ZUN,A:1205,1,404.508,Drug-like Recruiter,28,18,199.916,0.643,0.357,28,0,18,199.916,0.643,0.357,1,A,OK,,LR00498,VHL_ZUN,VHL|3ZUN|ZUN|1,VHL_ZUN
VHL,8BDJ,QE0,A:301,1,522.127,Peptide-like Recruiter,35,21,335.129,0.6,0.4,35,0,21,335.129,0.6,0.4,1,A,OK,,LR00530,VHL_QE0,VHL|8BDJ|QE0|1,VHL_QE0
VHL,3ZTD,ZTD,A:1205,1,417.547,Drug-like Recruiter,29,17,232.496,0.586,0.414,29,0,17,232.496,0.586,0.414,1,A,OK,,LR00497,VHL_ZTD,VHL|3ZTD|ZTD|1,VHL_ZTD
VHL,9EQJ,A77,A:301,1,746.113,Peptide-like Recruiter,50,29,363.588,0.58,0.42,50,0,29,363.588,0.58,0.42,1,A,OK,,LR00544,VHL_A77,VHL|9EQJ|A77|1,VHL_A77
VHL,4BKT,QD0,A:301,1,275.349,Drug-like Recruiter,19,11,163.82,0.579,0.421,19,0,11,163.82,0.579,0.421,1,A,OK,,LR00503,VHL_QD0,VHL|4BKT|QD0|1,VHL_QD0
VHL,8QJS,VL6,A:301,1,618.882,Peptide-like Recruiter,42,24,323.349,0.571,0.429,42,0,24,323.349,0.571,0.429,1,A,OK,,LR00541,VHL_VL6,VHL|8QJS|VL6|1,VHL_VL6
VHL,9EQM,A78,A:301,1,746.113,Peptide-like Recruiter,50,28,432.968,0.56,0.44,50,0,28,432.968,0.56,0.44,1,A,OK,,LR00545,VHL_A78,VHL|9EQM|A78|1,VHL_A78
VHL,4W9G,3JV,A:301,1,429.671,Drug-like Recruiter,29,16,228.755,0.552,0.448,29,0,16,228.755,0.552,0.448,1,A,OK,,LR00508,VHL_3JV,VHL|4W9G|3JV|1,VHL_3JV
VHL,4B95,UCK,A:1206,1,409.398,Drug-like Recruiter,26,14,184.002,0.538,0.462,26,0,14,184.002,0.538,0.462,1,A,OK,,LR00500,VHL_UCK,VHL|4B95|UCK|1,VHL_UCK
VHL,4B9K,TG0,A:1203,1,470.724,Drug-like Recruiter,32,17,228.456,0.531,0.469,32,0,17,228.456,0.531,0.469,1,A,OK,,LR00501,VHL_TG0,VHL|4B9K|TG0|1,VHL_TG0
VHL,9QE4,A99,A:301,1,546.794,Peptide-like Recruiter,37,19,294.753,0.514,0.486,37,0,19,294.753,0.514,0.486,1,A,OK,,LR00552,VHL_A99,VHL|9QE4|A99|1,VHL_A99
VHL,8BDM,QE9,A:301,1,574.829,Peptide-like Recruiter,39,20,317.701,0.513,0.487,39,0,20,317.701,0.513,0.487,1,A,OK,,LR00532,VHL_QE9,VHL|8BDM|QE9|1,VHL_QE9
VHL,4BKS,X6C,A:1203,1,343.468,Drug-like Recruiter,24,12,152.042,0.5,0.5,24,0,12,152.042,0.5,0.5,1,A,OK,,LR00502,VHL_X6C,VHL|4BKS|X6C|1,VHL_X6C
VHL,8CQK,VYQ,A:301,1,560.821,Peptide-like Recruiter,38,19,302.491,0.5,0.5,38,0,19,302.491,0.5,0.5,1,A,OK,,LR00536,VHL_VYQ,VHL|8CQK|VYQ|1,VHL_VYQ
VHL,5NVW,9BW,A:301,1,514.777,Peptide-like Recruiter,35,17,245.57,0.486,0.514,35,0,17,245.57,0.486,0.514,1,A,OK,,LR00516,VHL_9BW,VHL|5NVW|9BW|1,VHL_9BW
VHL,9QE5,A98,A:301,1,544.778,Peptide-like Recruiter,37,18,279.61,0.486,0.514,37,0,18,279.61,0.486,0.514,1,A,OK,,LR00553,VHL_A98,VHL|9QE5|A98|1,VHL_A98
VHL,3ZTC,TR0,A:1205,1,439.641,Drug-like Recruiter,31,15,206.245,0.484,0.516,31,0,15,206.245,0.484,0.516,1,A,OK,,LR00496,VHL_TR0,VHL|3ZTC|TR0|1,VHL_TR0
VHL,8BDL,QF3,A:301,1,588.856,Peptide-like Recruiter,40,19,346.127,0.475,0.525,40,0,19,346.127,0.475,0.525,1,A,OK,,LR00531,VHL_QF3,VHL|8BDL|QF3|1,VHL_QF3
VHL,5NVZ,9BN,A:301,1,558.83,Peptide-like Recruiter,38,18,276.77,0.474,0.526,38,0,18,276.77,0.474,0.526,1,A,OK,,LR00519,VHL_9BN,VHL|5NVZ|9BN|1,VHL_9BN
VHL,8BDO,QFF,A:301,1,502.722,Peptide-like Recruiter,34,16,237.424,0.471,0.529,34,0,16,237.424,0.471,0.529,1,A,OK,,LR00534,VHL_QFF,VHL|8BDO|QFF|1,VHL_QFF
VHL,3ZRC,L8B,A:1205,1,428.574,Drug-like Recruiter,30,14,194.923,0.467,0.533,30,0,14,194.923,0.467,0.533,1,A,OK,,LR00495,VHL_L8B,VHL|3ZRC|L8B|1,VHL_L8B
VHL,6FMK,DV8,A:301,1,478.794,Drug-like Recruiter,30,14,234.795,0.467,0.533,30,0,14,234.795,0.467,0.533,1,A,OK,,LR00525,VHL_DV8,VHL|6FMK|DV8|1,VHL_DV8
VHL,8P0F,WBN,A:301,1,442.67,Drug-like Recruiter,30,14,215.229,0.467,0.533,30,0,14,215.229,0.467,0.533,1,A,OK,,LR00538,VHL_WBN,VHL|8P0F|WBN|1,VHL_WBN
VHL,4W9E,3JT,A:301,1,415.644,Drug-like Recruiter,28,13,208.247,0.464,0.536,28,0,13,208.247,0.464,0.536,1,A,OK,,LR00506,VHL_3JT,VHL|4W9E|3JT|1,VHL_3JT
VHL,4AWJ,V6F,A:1201,1,190.243,Fragment Recruiter,13,6,121.188,0.462,0.538,13,0,6,121.188,0.462,0.538,1,A,OK,,LR00499,VHL_V6F,VHL|4AWJ|V6F|1,VHL_V6F
VHL,5NW0,9BK,A:301,1,573.845,Peptide-like Recruiter,39,18,290.467,0.462,0.538,39,0,18,290.467,0.462,0.538,1,A,OK,,LR00520,VHL_9BK,VHL|5NW0|9BK|1,VHL_9BK
VHL,6GMR,F4K,A:301,1,183.295,Fragment Recruiter,13,6,48.56,0.462,0.538,13,0,6,48.56,0.462,0.538,1,A,OK,,LR00528,VHL_F4K,VHL|6GMR|F4K|1,VHL_F4K
VHL,5LLI,6Z3,A:301,1,543.819,Peptide-like Recruiter,37,17,271.905,0.459,0.541,37,0,17,271.905,0.459,0.541,1,A,OK,,LR00514,VHL_6Z3,VHL|5LLI|6Z3|1,VHL_6Z3
VHL,9BOL,E19,A:304,1,540.819,Peptide-like Recruiter,37,17,256.869,0.459,0.541,37,0,17,256.869,0.459,0.541,1,A,OK,,LR00543,VHL_E19,VHL|9BOL|E19|1,VHL_E19
VHL,4W9H,3JF,A:301,1,488.739,Drug-like Recruiter,33,15,229.185,0.455,0.545,33,0,15,229.185,0.455,0.545,1,A,OK,,LR00509,VHL_3JF,VHL|4W9H|3JF|1,VHL_3JF
VHL,8CQL,VH3,A:301,1,594.81,Peptide-like Recruiter,40,18,289.49,0.45,0.55,40,0,18,289.49,0.45,0.55,1,A,OK,,LR00537,VHL_VH3,VHL|8CQL|VH3|1,VHL_VH3
VHL,4W9F,3JU,A:301,1,429.671,Drug-like Recruiter,29,13,220.232,0.448,0.552,29,0,13,220.232,0.448,0.552,1,A,OK,,LR00507,VHL_3JU,VHL|4W9F|3JU|1,VHL_3JU
VHL,5NVX,4YY,A:301,1,532.767,Peptide-like Recruiter,36,16,253.796,0.444,0.556,36,0,16,253.796,0.444,0.556,1,A,OK,,LR00517,VHL_4YY,VHL|5NVX|4YY|1,VHL_4YY
VHL,8BDN,QFR,A:301,1,527.776,Peptide-like Recruiter,36,16,247.212,0.444,0.556,36,0,16,247.212,0.444,0.556,1,A,OK,,LR00533,VHL_QFR,VHL|8BDN|QFR|1,VHL_QFR
VHL,6GFZ,EXE,A:301,1,506.729,Peptide-like Recruiter,34,15,232.853,0.441,0.559,34,0,15,232.853,0.441,0.559,1,A,OK,,LR00527,VHL_EXE,VHL|6GFZ|EXE|1,VHL_EXE
VHL,8BDI,QF7,A:301,1,605.862,Peptide-like Recruiter,41,18,280.757,0.439,0.561,41,0,18,280.757,0.439,0.561,1,A,OK,,LR00529,VHL_QF7,VHL|8BDI|QF7|1,VHL_QF7
VHL,5NVY,9B5,A:301,1,446.658,Drug-like Recruiter,30,13,220.443,0.433,0.567,30,0,13,220.443,0.433,0.567,1,A,OK,,LR00518,VHL_9B5,VHL|5NVY|9B5|1,VHL_9B5
VHL,6FMJ,DV5,A:301,1,462.726,Drug-like Recruiter,30,13,230.885,0.433,0.567,30,0,13,230.885,0.433,0.567,1,A,OK,,LR00524,VHL_DV5,VHL|6FMJ|DV5|1,VHL_DV5
VHL,6FMI,DV2,A:301,1,462.726,Drug-like Recruiter,30,13,215.216,0.433,0.567,30,0,13,215.216,0.433,0.567,1,A,OK,,LR00523,VHL_DV2,VHL|6FMI|DV2|1,VHL_DV2
VHL,4W9K,3JO,A:301,1,643.98,Peptide-like Recruiter,44,19,342.421,0.432,0.568,44,0,19,342.421,0.432,0.568,1,A,OK,,LR00512,VHL_3JO,VHL|4W9K|3JO|1,VHL_3JO
VHL,4W9C,3JG,A:301,1,399.576,Drug-like Recruiter,28,12,202.618,0.429,0.571,28,0,12,202.618,0.429,0.571,1,A,OK,,LR00504,VHL_3JG,VHL|4W9C|3JG|1,VHL_3JG
VHL,4W9I,3JS,A:301,1,488.695,Drug-like Recruiter,33,14,248.05,0.424,0.576,33,0,14,248.05,0.424,0.576,1,A,OK,,LR00510,VHL_3JS,VHL|4W9I|3JS|1,VHL_3JS
VHL,5NW1,9BH,A:301,1,528.804,Peptide-like Recruiter,36,15,247.142,0.417,0.583,36,0,15,247.142,0.417,0.583,1,A,OK,,LR00521,VHL_9BH,VHL|5NW1|9BH|1,VHL_9BH
VHL,5NW2,9B8,A:301,1,530.776,Peptide-like Recruiter,36,15,248.235,0.417,0.583,36,0,15,248.235,0.417,0.583,1,A,OK,,LR00522,VHL_9B8,VHL|5NW2|9B8|1,VHL_9B8
VHL,4W9J,3JH,A:301,1,603.915,Peptide-like Recruiter,41,17,302.042,0.415,0.585,41,0,17,302.042,0.415,0.585,1,A,OK,,LR00511,VHL_3JH,VHL|4W9J|3JH|1,VHL_3JH
VHL,4W9D,3JK,A:301,1,413.603,Drug-like Recruiter,29,12,216.016,0.414,0.586,29,0,12,216.016,0.414,0.586,1,A,OK,,LR00505,VHL_3JK,VHL|4W9D|3JK|1,VHL_3JK
VHL,5NVV,9BT,A:301,1,504.738,Peptide-like Recruiter,34,14,242.337,0.412,0.588,34,0,14,242.337,0.412,0.588,1,A,OK,,LR00515,VHL_9BT,VHL|5NVV|9BT|1,VHL_9BT
VHL,6GFY,EXH,A:301,1,506.729,Peptide-like Recruiter,34,14,231.623,0.412,0.588,34,0,14,231.623,0.412,0.588,1,A,OK,,LR00526,VHL_EXH,VHL|6GFY|EXH|1,VHL_EXH
VHL,4W9L,3JJ,A:301,1,603.915,Peptide-like Recruiter,41,16,280.411,0.39,0.61,41,0,16,280.411,0.39,0.61,1,A,OK,,LR00513,VHL_3JJ,VHL|4W9L|3JJ|1,VHL_3JJ
VHL,8VLB,3JF,A:301,1,488.739,Drug-like Recruiter,33,12,222.462,0.364,0.636,33,0,12,222.462,0.364,0.636,1,A,OK,,LR00542,VHL_3JF,VHL|8VLB|3JF|1,VHL_3JF
VHL,8CQE,VFO,A:301,1,590.822,Peptide-like Recruiter,40,14,279.271,0.35,0.65,40,0,14,279.271,0.35,0.65,1,A,OK,,LR00535,VHL_VFO,VHL|8CQE|VFO|1,VHL_VFO
XIAP,4WVU,HOX,A:5,1,188.271,Fragment Recruiter,13,13,278.991,1.0,0.0,13,0,13,278.991,1.0,0.0,1,A,OK,,LR00568,XIAP_HOX,XIAP|4WVU|HOX|1,XIAP_HOX
XIAP,8GH7,7PE,A:402,1,282.377,Drug-like Recruiter,19,19,328.622,1.0,0.0,19,0,19,328.622,1.0,0.0,1,A,OK,,LR00588,XIAP_7PE,XIAP|8GH7|7PE|1,XIAP_7PE
XIAP,4WVS,4LZ,A:5,1,262.354,Drug-like Recruiter,18,17,333.972,0.944,0.056,18,0,17,333.972,0.944,0.056,1,A,OK,,LR00566,XIAP_4LZ,XIAP|4WVS|4LZ|1,XIAP_4LZ
XIAP,8GH7,CHG,A:2,1,143.23,Fragment Recruiter,10,9,144.78,0.9,0.1,10,0,9,144.78,0.9,0.1,1,A,OK,,LR00589,XIAP_CHG,XIAP|8GH7|CHG|1,XIAP_CHG
XIAP,5C3K,4XF,A:402,1,189.283,Fragment Recruiter,13,11,93.009,0.846,0.154,13,0,11,93.009,0.846,0.154,1,A,OK,,LR00572,XIAP_4XF,XIAP|5C3K|4XF|1,XIAP_4XF
XIAP,4WVU,3V8,A:3,1,230.312,Drug-like Recruiter,16,13,255.801,0.812,0.188,16,0,13,255.801,0.812,0.188,1,A,OK,,LR00567,XIAP_3V8,XIAP|4WVU|3V8|1,XIAP_3V8
XIAP,5C7D,4YF,A:402,1,303.858,Drug-like Recruiter,20,15,135.126,0.75,0.25,20,0,15,135.126,0.75,0.25,1,A,OK,,LR00576,XIAP_4YF,XIAP|5C7D|4YF|1,XIAP_4YF
XIAP,5C7A,4YE,A:402,1,268.425,Drug-like Recruiter,19,14,127.622,0.737,0.263,19,0,14,127.622,0.737,0.263,1,A,OK,,LR00573,XIAP_4YE,XIAP|5C7A|4YE|1,XIAP_4YE
XIAP,8GH7,ZHW,A:4,1,221.322,Drug-like Recruiter,14,10,157.163,0.714,0.286,14,0,10,157.163,0.714,0.286,1,A,OK,,LR00590,XIAP_ZHW,XIAP|8GH7|ZHW|1,XIAP_ZHW
XIAP,5C7C,4YC,A:402,1,330.924,Drug-like Recruiter,22,15,131.774,0.682,0.318,22,0,15,131.774,0.682,0.318,1,A,OK,,LR00575,XIAP_4YC,XIAP|5C7C|4YC|1,XIAP_4YC
XIAP,1TFT,997,A:998,1,552.845,Peptide-like Recruiter,39,26,367.092,0.667,0.333,39,0,26,367.092,0.667,0.333,1,A,OK,,LR00555,XIAP_997,XIAP|1TFT|997|1,XIAP_997
XIAP,5C3H,4XE,A:402,1,214.333,Drug-like Recruiter,15,10,112.972,0.667,0.333,15,0,10,112.972,0.667,0.333,1,A,OK,,LR00571,XIAP_4XE,XIAP|5C3H|4XE|1,XIAP_4XE
XIAP,5C7B,4YD,A:402,1,214.333,Drug-like Recruiter,15,10,114.497,0.667,0.333,15,0,10,114.497,0.667,0.333,1,A,OK,,LR00574,XIAP_4YD,XIAP|5C7B|4YD|1,XIAP_4YD
XIAP,1TFQ,998,A:998,1,454.7,Drug-like Recruiter,32,21,304.744,0.656,0.344,32,0,21,304.744,0.656,0.344,1,A,OK,,LR00554,XIAP_998,XIAP|1TFQ|998|1,XIAP_998
XIAP,2OPY,CO9,A:101,1,457.616,Drug-like Recruiter,32,21,252.565,0.656,0.344,32,0,21,252.565,0.656,0.344,1,A,OK,,LR00557,XIAP_CO9,XIAP|2OPY|CO9|1,XIAP_CO9
XIAP,5C0K,4WK,A:404,1,192.283,Fragment Recruiter,13,8,104.68,0.615,0.385,13,0,8,104.68,0.615,0.385,1,A,OK,,LR00569,XIAP_4WK,XIAP|5C0K|4WK|1,XIAP_4WK
XIAP,3CM7,X22,A:600,1,510.764,Peptide-like Recruiter,36,22,304.229,0.611,0.389,36,0,22,304.229,0.611,0.389,1,A,OK,,LR00560,XIAP_X22,XIAP|3CM7|X22|1,XIAP_X22
XIAP,3HL5,9JZ,A:1,1,524.795,Peptide-like Recruiter,37,22,361.842,0.595,0.405,37,0,22,361.842,0.595,0.405,1,A,OK,,LR00562,XIAP_9JZ,XIAP|3HL5|9JZ|1,XIAP_9JZ
XIAP,3CLX,X22,A:600,1,510.764,Peptide-like Recruiter,36,21,333.169,0.583,0.417,36,0,21,333.169,0.583,0.417,1,A,OK,,LR00558,XIAP_X22,XIAP|3CLX|X22|1,XIAP_X22
XIAP,5C0L,4WJ,A:402,1,235.149,Drug-like Recruiter,12,7,83.915,0.583,0.417,12,0,7,83.915,0.583,0.417,1,A,OK,,LR00570,XIAP_4WJ,XIAP|5C0L|4WJ|1,XIAP_4WJ
XIAP,2JK7,BI6,A:1346,1,508.792,Peptide-like Recruiter,36,20,325.207,0.556,0.444,36,0,20,325.207,0.556,0.444,1,A,OK,,LR00556,XIAP_BI6,XIAP|2JK7|BI6|1,XIAP_BI6
XIAP,5C83,4YN,A:402,1,437.693,Drug-like Recruiter,31,17,197.78,0.548,0.452,31,0,17,197.78,0.548,0.452,1,A,OK,,LR00577,XIAP_4YN,XIAP|5C83|4YN|1,XIAP_4YN
XIAP,3EYL,SMK,A:600,1,523.807,Peptide-like Recruiter,37,20,330.876,0.541,0.459,37,0,20,330.876,0.541,0.459,1,A,OK,,LR00561,XIAP_SMK,XIAP|3EYL|SMK|1,XIAP_SMK
XIAP,4HY0,1AQ,A:403,1,617.823,Peptide-like Recruiter,43,23,399.534,0.535,0.465,43,0,23,399.534,0.535,0.465,1,A,OK,,LR00563,XIAP_1AQ,XIAP|4HY0|1AQ|1,XIAP_1AQ
XIAP,3CM2,X23,A:600,1,509.78,Peptide-like Recruiter,36,19,319.46,0.528,0.472,36,0,19,319.46,0.528,0.472,1,A,OK,,LR00559,XIAP_X23,XIAP|3CM2|X23|1,XIAP_X23
XIAP,6EY2,C3T,A:402,1,498.753,Drug-like Recruiter,35,18,274.314,0.514,0.486,35,0,18,274.314,0.514,0.486,1,A,OK,,LR00585,XIAP_C3T,XIAP|6EY2|C3T|1,XIAP_C3T
XIAP,5OQW,A4E,A:403,1,554.816,Peptide-like Recruiter,39,20,285.092,0.513,0.487,39,0,20,285.092,0.513,0.487,1,A,OK,,LR00584,XIAP_A4E,XIAP|5OQW|A4E|1,XIAP_A4E
XIAP,4KJV,1RK,A:502,1,569.784,Peptide-like Recruiter,40,20,324.2,0.5,0.5,40,0,20,324.2,0.5,0.5,1,A,OK,,LR00565,XIAP_1RK,XIAP|4KJV|1RK|1,XIAP_1RK
XIAP,6H6R,FUE,A:403,1,564.855,Peptide-like Recruiter,40,20,234.289,0.5,0.5,40,0,20,234.289,0.5,0.5,1,A,OK,,LR00587,XIAP_FUE,XIAP|6H6R|FUE|1,XIAP_FUE
XIAP,4KJU,1RH,A:502,1,579.871,Peptide-like Recruiter,41,20,309.058,0.488,0.512,41,0,20,309.058,0.488,0.512,1,A,OK,,LR00564,XIAP_1RH,XIAP|4KJU|1RH|1,XIAP_1RH
XIAP,6H6Q,FUK,A:402,1,554.816,Peptide-like Recruiter,39,19,264.691,0.487,0.513,39,0,19,264.691,0.487,0.513,1,A,OK,,LR00586,XIAP_FUK,XIAP|6H6Q|FUK|1,XIAP_FUK
XIAP,5M6F,7HU,A:403,1,437.693,Drug-like Recruiter,31,15,237.496,0.484,0.516,31,0,15,237.496,0.484,0.516,1,A,OK,,LR00580,XIAP_7HU,XIAP|5M6F|7HU|1,XIAP_7HU
XIAP,5C84,4YL,A:402,1,375.965,Drug-like Recruiter,25,12,153.508,0.48,0.52,25,0,12,153.508,0.48,0.52,1,A,OK,,LR00578,XIAP_4YL,XIAP|5C84|4YL|1,XIAP_4YL
XIAP,5M6E,7HT,A:404,1,491.789,Drug-like Recruiter,35,16,228.9,0.457,0.543,35,0,16,228.9,0.457,0.543,1,A,OK,,LR00579,XIAP_7HT,XIAP|5M6E|7HT|1,XIAP_7HT
XIAP,5M6L,7H9,A:403,1,524.79,Peptide-like Recruiter,37,16,250.857,0.432,0.568,37,0,16,250.857,0.432,0.568,1,A,OK,,LR00582,XIAP_7H9,XIAP|5M6L|7H9|1,XIAP_7H9
XIAP,5M6M,7H8,A:403,1,492.773,Drug-like Recruiter,35,15,229.345,0.429,0.571,35,0,15,229.345,0.429,0.571,1,A,OK,,LR00583,XIAP_7H8,XIAP|5M6M|7H8|1,XIAP_7H8
XIAP,5M6H,7J6,A:403,1,508.772,Peptide-like Recruiter,36,15,247.902,0.417,0.583,36,0,15,247.902,0.417,0.583,1,A,OK,,LR00581,XIAP_7J6,XIAP|5M6H|7J6|1,XIAP_7J6
cIAP1,6EXW,C3K,A:602,1,485.714,Drug-like Recruiter,34,33,612.63,0.971,0.029,34,0,33,612.63,0.971,0.029,1,A,OK,,LR00602,cIAP1_C3K,cIAP1|6EXW|C3K|1,cIAP1_C3K
cIAP1,3UW4,CHG,A:2,1,143.23,Fragment Recruiter,10,8,142.479,0.8,0.2,10,0,8,142.479,0.8,0.2,1,A,OK,,LR00594,cIAP1_CHG,cIAP1|3UW4|CHG|1,cIAP1_CHG
cIAP1,3UW4,0DQ,A:4,1,187.312,Fragment Recruiter,12,8,156.632,0.667,0.333,12,0,8,156.632,0.667,0.333,1,A,OK,,LR00593,cIAP1_0DQ,cIAP1|3UW4|0DQ|1,cIAP1_0DQ
cIAP1,3OZ1,BMB,A:600,1,634.007,Peptide-like Recruiter,45,26,380.543,0.578,0.422,45,0,26,380.543,0.578,0.422,1,A,OK,,LR00592,cIAP1_BMB,cIAP1|3OZ1|BMB|1,cIAP1_BMB
cIAP1,7TRM,IUN,A:405,1,516.768,Peptide-like Recruiter,35,20,274.26,0.571,0.429,35,0,20,274.26,0.571,0.429,1,A,OK,,LR00603,cIAP1_IUN,cIAP1|7TRM|IUN|1,cIAP1_IUN
cIAP1,4LGE,1Y0,A:402,1,549.801,Peptide-like Recruiter,39,21,323.617,0.538,0.462,39,0,21,323.617,0.538,0.462,1,A,OK,,LR00597,cIAP1_1Y0,cIAP1|4LGE|1Y0|1,cIAP1_1Y0
cIAP1,4HY5,1AQ,A:402,1,617.823,Peptide-like Recruiter,43,23,399.673,0.535,0.465,43,0,23,399.673,0.535,0.465,1,A,OK,,LR00596,cIAP1_1AQ,cIAP1|4HY5|1AQ|1,cIAP1_1AQ
cIAP1,4LGU,1YH,A:402,1,537.79,Peptide-like Recruiter,38,20,302.13,0.526,0.474,38,0,20,302.13,0.526,0.474,1,A,OK,,LR00598,cIAP1_1YH,cIAP1|4LGU|1YH|1,cIAP1_1YH
cIAP1,5M6N,7H9,A:1004,1,524.79,Peptide-like Recruiter,37,19,251.96,0.514,0.486,37,0,19,251.96,0.514,0.486,1,A,OK,,LR00601,cIAP1_7H9,cIAP1|5M6N|7H9|1,cIAP1_7H9
cIAP1,4MTI,2DX,A:402,1,551.817,Peptide-like Recruiter,39,20,315.462,0.513,0.487,39,0,20,315.462,0.513,0.487,1,A,OK,,LR00599,cIAP1_2DX,cIAP1|4MTI|2DX|1,cIAP1_2DX
cIAP1,4MU7,2DY,A:402,1,605.909,Peptide-like Recruiter,43,22,359.574,0.512,0.488,43,0,22,359.574,0.512,0.488,1,A,OK,,LR00600,cIAP1_2DY,cIAP1|4MU7|2DY|1,cIAP1_2DY
cIAP1,4HY4,1BG,A:402,1,535.818,Peptide-like Recruiter,38,19,305.811,0.5,0.5,38,0,19,305.811,0.5,0.5,1,A,OK,,LR00595,cIAP1_1BG,cIAP1|4HY4|1BG|1,cIAP1_1BG
cIAP1,3MUP,SMK,A:600,1,523.807,Peptide-like Recruiter,37,18,264.909,0.486,0.514,37,0,18,264.909,0.486,0.514,1,A,OK,,LR00591,cIAP1_SMK,cIAP1|3MUP|SMK|1,cIAP1_SMK
