pdb,ligand,mw,decision,reason
3WX1,,,skip,no_ligands
3WX2,,,skip,no_ligands
4CI1,CAF,241.14,keep,keep
4CI1,EF2,258.229,keep,keep
4CI2,LVY,259.261,keep,keep
4CI3,Y70,273.244,keep,keep
4M91,,,skip,no_ligands
4TZ4,LVY,259.261,keep,keep
4TZC,EF2,258.229,keep,keep
4TZU,Y70,273.244,keep,keep
4V2Y,EF2,258.229,keep,keep
4V2Z,Y70,273.244,keep,keep
4V30,LVY,259.261,keep,keep
4V31,DUR,228.202,keep,keep
4V31,FLC,189.1,keep,keep
4V32,EF2,258.229,keep,keep
5AMH,EF2,258.229,keep,keep
5AMI,EF2,258.229,keep,keep
5AMJ,EF2,258.229,keep,keep
5AMK,EF2,258.229,keep,keep
5FQD,LVY,259.261,keep,keep
5HJ0,,,skip,no_ligands
5HXB,85C,440.88,keep,keep
5J6P,,,skip,no_ligands
5OH1,9UQ,232.278,keep,keep
5OH1,EF2,258.229,keep,keep
5OH2,BAQ,85.104,skip,too_small
5OH3,9V2,141.168,skip,too_small
5OH4,9UZ,113.115,skip,too_small
5OH7,HYN,100.076,skip,too_small
5OH8,ROL,275.343,keep,keep
5OH9,OD3,117.126,skip,too_small
5OHA,9UW,114.126,skip,too_small
5OHB,V1L,99.131,skip,too_small
5V3O,8W7,449.499,keep,keep
5YIZ,EF2,258.229,keep,keep
5YJ0,EF2,258.229,keep,keep
5YJ1,6EL,258.229,keep,keep
6BN7,RN3,885.384,skip,too_large
6BN8,,,skip,no_ligands
6BN9,,,skip,no_ligands
6BNB,,,skip,no_ligands
6BOY,RN6,841.374,skip,too_large
6H0F,Y70,273.244,keep,keep
6H0G,Y70,273.244,keep,keep
6R0Q,JNW,276.245,keep,keep
6R0S,EF2,258.229,keep,keep
6R0S,JOE,307.216,keep,keep
6R0S,JOH,289.2,keep,keep
6R0U,EF2,258.229,keep,keep
6R0U,JO5,259.218,keep,keep
6R0U,JO8,277.233,keep,keep
6R0V,JO2,307.216,keep,keep
6R11,JOB,259.218,keep,keep
6R12,EF2,258.229,keep,keep
6R12,JOT,232.235,keep,keep
6R13,EF2,258.229,keep,keep
6R13,JOK,246.262,keep,keep
6R18,EF2,258.229,keep,keep
6R18,JOQ,277.276,keep,keep
6R19,EF2,258.229,keep,keep
6R19,JON,241.244,keep,keep
6R1A,EF2,258.229,keep,keep
6R1A,JP8,255.27,keep,keep
6R1C,ASP,133.103,skip,too_small
6R1C,EF2,258.229,keep,keep
6R1C,JOW,377.349,keep,keep
6R1D,JP5,248.235,keep,keep
6R1K,JPB,321.544,keep,keep
6R1W,EF2,258.229,keep,keep
6R1W,JPW,283.324,keep,keep
6R1X,JPQ,196.203,keep,keep
6UML,Y70,273.244,keep,keep
6WWB,YA3,865.359,skip,too_large
6XK9,V4M,461.846,keep,keep
7BQU,EF2,258.229,keep,keep
7BQV,F4U,274.229,keep,keep
7LPS,RN9,494.927,keep,keep
7PJK,7SE,230.223,keep,keep
7PS9,8W7,449.499,keep,keep
7PSO,835,286.286,keep,keep
7PSO,EF2,258.229,keep,keep
7SFY,,,skip,no_ligands
7SFZ,,,skip,no_ligands
7SHH,9FT,219.237,keep,keep
7U8F,LWK,417.5,keep,keep
8AOP,MW6,250.317,keep,keep
8AOQ,N8F,267.301,keep,keep
8BC6,SNN,114.103,skip,too_small
8BC7,EF2,258.229,keep,keep
8BC7,QCI,128.129,skip,too_small
8C3H,SNN,114.103,skip,too_small
8CVP,,,skip,no_ligands
8D7U,QFC,567.61,keep,keep
8D7V,QFC,567.61,keep,keep
8D7W,QFC,567.61,keep,keep
8D7X,,,skip,no_ligands
8D7Y,,,skip,no_ligands
8D7Z,QFC,567.61,keep,keep
8D80,8W7,449.499,keep,keep
8D81,Y70,273.244,keep,keep
8DEY,LWK,417.5,keep,keep
8G66,YOT,376.365,keep,keep
8OIZ,Y70,273.244,keep,keep
8OJH,VP9,303.27,keep,keep
8OO5,VUF,507.07,keep,keep
8OOD,VY3,828.437,skip,too_large
8OU3,EF2,258.229,keep,keep
8OU3,W1T,265.24,keep,keep
8OU4,W2F,281.695,keep,keep
8OU5,W1X,315.248,keep,keep
8OU6,W26,261.276,keep,keep
8OU7,W1F,277.276,keep,keep
8OU9,W1B,263.249,keep,keep
8OUA,W0Z,313.257,keep,keep
8QBN,,,skip,low_identity
8RDP,A1H,314.303,keep,keep
8RDQ,YQO,313.136,keep,keep
8RDR,A1H,314.303,keep,keep
8RDS,A1H,314.303,keep,keep
8RDT,A1H,314.303,keep,keep
8RQ1,,,skip,no_ligands
8RQ8,QFC,567.61,keep,keep
8RQ9,A1H,314.303,keep,keep
8RQA,LVY,259.261,keep,keep
8RQC,QFC,567.61,keep,keep
8S30,,,skip,no_ligands
8TNP,Y70,273.244,keep,keep
8TNQ,MIQ,343.334,keep,keep
8TNR,MIQ,343.334,keep,keep
8TZX,U3I,399.483,keep,keep
8U15,8W7,449.499,keep,keep
8U16,Y70,273.244,keep,keep
8U17,Y70,273.244,keep,keep
8UH6,WO8,976.512,skip,too_large
9A8G,,,skip,no_ligands
9CUO,A1A,588.694,keep,keep
9D0W,A1A,588.694,keep,keep
9D0X,A1A,588.694,keep,keep
9DJT,A1A,588.694,keep,keep
9DJX,A1A,588.694,keep,keep
9DOM,A1A,588.694,keep,keep
9DQD,A1B,176.94,keep,keep
9DWV,A1B,176.94,keep,keep
9DWW,A1B,176.94,keep,keep
9E2U,RN9,494.927,keep,keep
9FJX,LVY,259.261,keep,keep
9GAO,A1I,249.266,keep,keep
9GJQ,A1I,249.266,keep,keep
9GY3,A1I,249.266,keep,keep
9H59,A1I,249.266,keep,keep
9NFQ,A1B,176.94,keep,keep
9NFR,A1B,176.94,keep,keep
9NGT,A1B,176.94,keep,keep
9O91,A1C,406.926,keep,keep
9ODR,A1C,406.926,keep,keep
9ODS,A1C,406.926,keep,keep
9OHQ,A1C,406.926,keep,keep
9OHR,A1C,406.926,keep,keep
9Q03,A1C,406.926,keep,keep
9Q22,A1C,406.926,keep,keep
9Q2D,85C,440.88,keep,keep
9SAF,A1J,353.051,keep,keep
9Y7D,A1A,588.694,keep,keep
